x,y,z,id
0.18,0.04,1.0,0
0.18,0.09,1.03,0
0.18,0.11,1.02,0
0.18,0.09,0.97,0
0.18,0.07,0.95,0
0.18,0.04,0.96,0
0.18,0.05,0.99,0
0.18,0.08,1.03,0
0.18,0.1,1.01,0
0.18,0.1,0.97,0
0.18,0.07,0.98,0
0.17,0.06,1.02,0
0.16,0.12,1.14,0
0.15,0.17,1.18,0
0.13,0.26,1.23,0
0.09,0.38,1.23,0
0.03,0.93,1.25,0
0.07,1.31,1.36,0
0.13,1.7,1.84,0
0.04,1.52,1.95,0
-0.3,0.43,1.16,0
-0.53,-0.38,0.44,0
-1.37,-2.64,-0.53,0
-1.56,-3.74,-0.67,0
-1.05,-4.0,-0.58,0
-1.0,-4.0,-0.38,0
-2.62,-1.5,0.42,0
-3.8,0.97,1.0,0
-3.96,4.0,3.07,0
-2.68,4.0,3.97,0
-0.13,3.96,3.72,0
-0.62,3.57,2.61,0
-2.67,0.63,0.51,0
-3.0,-1.05,0.04,0
-1.98,-3.45,-0.34,0
-1.1,-4.0,-0.5,0
0.05,-3.75,-0.62,0
0.0,-2.67,-0.38,0
-0.58,-0.12,0.65,0
-0.66,0.75,1.22,0
-0.27,1.87,2.11,0
0.21,2.3,2.29,0
0.25,2.06,2.01,0
0.07,0.81,1.17,0
0.01,0.19,0.88,0
0.06,-0.62,0.63,0
0.11,-0.85,0.6,0
0.17,-0.93,0.6,0
0.19,-0.73,0.63,0
0.21,-0.05,0.81,0
0.21,0.22,0.93,0
0.19,0.49,1.17,0
0.19,0.53,1.25,0
0.2,0.45,1.27,0
0.2,0.34,1.2,0
0.21,0.09,1.0,0
0.2,0.01,0.93,0
0.19,-0.04,0.87,0
0.2,-0.03,0.86,0
0.2,0.04,0.93,0
0.2,0.09,0.99,0
0.2,0.16,1.07,0
0.2,0.18,1.07,0
0.2,0.17,1.03,0
0.2,0.15,0.99,0
0.2,0.08,0.95,0
0.2,0.04,0.94,0
0.2,0.01,0.92,0
0.19,0.03,0.93,0
0.2,0.09,0.97,0
0.2,0.12,1.01,0
0.19,0.15,1.06,0
0.19,0.14,1.05,0
0.19,0.09,0.98,0
0.19,0.04,0.91,0
0.19,0.05,0.92,0
0.19,0.1,0.98,0
0.19,0.12,1.01,0
0.19,0.15,1.05,0
0.19,0.14,1.05,0
0.19,0.09,0.99,0
0.19,0.06,0.94,0
0.19,0.04,0.89,0
0.19,0.04,0.91,0
0.18,0.09,0.96,0
0.18,0.12,0.98,0
0.18,0.16,1.02,0
0.18,0.16,1.04,0
0.17,0.13,1.06,0
0.17,0.12,1.06,0
0.17,0.11,1.03,0
0.17,0.13,1.0,0
0.17,0.14,0.94,0
0.17,0.13,0.93,0
0.17,0.11,0.97,0
0.17,0.11,1.02,0
0.17,0.15,1.07,0
0.17,0.16,1.05,0
0.17,0.15,0.96,0
0.17,0.13,0.93,0
0.18,0.06,0.95,1
0.17,0.08,0.97,1
0.17,0.09,1.0,1
0.17,0.11,1.03,1
0.17,0.12,1.01,1
0.18,0.12,0.98,1
0.18,0.11,0.98,1
0.17,0.06,0.98,1
0.17,0.04,0.97,1
0.17,0.08,0.97,1
0.17,0.12,0.98,1
0.16,0.18,1.0,1
0.16,0.16,1.02,1
0.13,0.15,1.16,1
0.08,0.27,1.31,1
-0.09,0.93,1.88,1
-0.19,1.35,2.32,1
-0.24,1.9,2.92,1
-0.33,1.73,2.63,1
-0.81,0.49,0.83,1
-1.06,-0.35,-0.1,1
-1.72,-2.47,-1.29,1
-1.87,-3.58,-1.54,1
-1.24,-4.0,-1.61,1
-1.03,-4.0,-1.47,1
-1.95,-2.66,-0.54,1
-3.06,-0.77,0.2,1
-4.0,3.5,2.48,1
-4.0,4.0,3.78,1
-1.34,4.0,4.0,1
-0.29,3.95,3.95,1
-2.36,2.25,1.76,1
-4.0,-1.32,-0.51,1
-3.83,-2.78,-0.94,1
-1.46,-4.0,-1.29,1
-0.41,-4.0,-1.32,1
-0.18,-3.14,-0.55,1
-0.77,-1.77,0.17,1
-1.56,0.83,1.72,1
-1.29,1.63,2.5,1
-0.07,2.53,3.42,1
0.27,2.6,3.17,1
0.08,1.63,1.47,1
-0.08,0.88,0.73,1
-0.07,-0.32,0.12,1
0.01,-0.75,0.11,1
0.12,-1.3,0.42,1
0.14,-1.33,0.64,1
0.15,-0.87,1.01,1
0.16,-0.48,1.08,1
0.2,0.13,1.1,1
0.22,0.31,1.12,1
0.24,0.43,1.21,1
0.24,0.4,1.2,1
0.22,0.21,0.98,1
0.21,0.09,0.85,1
0.2,-0.06,0.79,1
0.2,-0.07,0.86,1
0.2,-0.01,1.07,1
0.2,0.02,1.15,1
0.2,0.05,1.14,1
0.2,0.05,1.06,1
0.21,0.03,0.91,1
0.2,-0.03,0.95,1
0.2,-0.05,0.99,1
0.19,-0.06,1.04,1
0.19,-0.04,1.05,1
0.19,0.05,1.02,1
0.19,0.09,1.0,1
0.19,0.07,0.97,1
0.19,0.01,0.98,1
0.17,-0.08,1.06,1
0.17,-0.08,1.13,1
0.18,-0.01,1.18,1
0.19,0.04,1.11,1
0.21,0.07,0.91,1
0.22,0.04,0.84,1
0.22,-0.02,0.81,1
0.22,-0.07,0.85,1
0.2,-0.13,0.98,1
0.2,-0.12,1.03,1
0.2,-0.02,1.06,1
0.2,0.02,1.03,1
0.2,0.03,0.96,1
0.2,-0.0,0.94,1
0.2,-0.08,1.0,1
0.2,-0.09,1.04,1
0.21,-0.03,1.03,1
0.21,0.01,0.99,1
0.22,0.03,0.91,1
0.21,0.01,0.91,1
0.2,-0.05,0.99,1
0.2,-0.06,1.02,1
0.2,-0.03,1.03,1
0.2,0.02,0.99,1
0.2,0.02,0.98,1
0.2,-0.04,0.99,1
0.2,-0.07,1.01,1
0.2,-0.05,1.02,1
0.2,-0.02,1.03,1
0.19,0.0,1.03,2
0.19,0.01,1.01,2
0.18,0.01,0.97,2
0.18,-0.01,0.97,2
0.18,-0.04,1.02,2
0.19,-0.05,1.04,2
0.19,-0.04,1.0,2
0.19,-0.03,0.96,2
0.2,-0.02,0.9,2
0.2,-0.02,0.91,2
0.19,0.0,0.99,2
0.19,0.02,1.07,2
0.16,0.07,1.27,2
0.12,0.17,1.37,2
0.06,0.64,1.59,2
0.05,0.89,1.76,2
0.08,1.09,2.01,2
0.06,1.0,1.87,2
-0.11,0.36,0.84,2
-0.28,-0.21,0.16,2
-0.94,-2.04,-0.82,2
-1.14,-3.13,-0.97,2
-1.03,-4.0,-0.75,2
-1.33,-3.72,-0.22,2
-1.91,-2.66,0.12,2
-3.9,1.67,1.01,2
-4.0,3.68,2.04,2
-3.24,4.0,4.0,2
-1.63,4.0,4.0,2
-1.46,3.58,2.97,2
-3.06,2.35,1.47,2
-4.0,-1.4,-0.74,2
-4.0,-2.95,-1.14,2
-1.89,-4.0,-1.34,2
-0.71,-4.0,-1.19,2
-0.51,-3.39,-0.15,2
-1.14,-2.13,0.53,2
-1.8,0.71,1.67,2
-1.47,1.71,2.15,2
-0.18,2.97,2.69,2
0.24,3.16,2.55,2
0.15,2.18,1.44,2
-0.07,1.27,0.94,2
-0.26,-0.22,0.62,2
-0.19,-0.69,0.66,2
-0.01,-1.23,0.75,2
0.05,-1.31,0.77,2
0.09,-1.06,0.77,2
0.11,-0.72,0.78,2
0.13,-0.04,0.95,2
0.14,0.19,1.1,2
0.16,0.4,1.3,2
0.18,0.43,1.3,2
0.17,0.26,1.11,2
0.14,-0.05,0.93,2
0.13,-0.14,0.93,2
0.14,-0.08,1.0,2
0.16,0.05,1.04,2
0.17,0.16,1.06,2
0.17,0.1,1.02,2
0.16,-0.09,0.89,2
0.17,-0.14,0.85,2
0.17,-0.11,0.86,2
0.17,-0.05,0.89,2
0.16,0.01,0.96,2
0.15,-0.01,1.0,2
0.14,-0.05,1.07,2
0.13,-0.04,1.1,2
0.13,0.0,1.11,2
0.13,0.01,1.11,2
0.13,-0.01,1.07,2
0.13,-0.03,1.01,2
0.14,-0.05,0.91,2
0.15,-0.04,0.9,2
0.14,-0.02,0.96,2
0.14,-0.02,1.0,2
0.14,-0.0,1.04,2
0.13,0.01,1.03,2
0.13,0.01,1.03,2
0.13,-0.01,1.04,2
0.12,-0.04,1.05,2
0.12,-0.04,1.04,2
0.13,0.01,0.99,2
0.14,0.02,0.97,2
0.14,-0.0,0.97,2
0.14,-0.04,1.01,2
0.13,-0.05,1.02,2
0.13,-0.04,1.01,2
0.13,-0.02,1.0,2
0.13,0.01,0.98,2
0.13,0.01,0.99,2
0.13,-0.02,1.03,2
0.13,-0.03,1.03,2
0.13,-0.03,0.99,2
0.13,-0.02,0.97,2
0.13,-0.01,0.99,2
0.13,-0.01,1.02,2
0.13,-0.01,1.04,2
0.13,-0.02,1.03,2
0.13,-0.03,0.99,2
0.11,-0.04,0.99,3
0.1,-0.06,0.98,3
0.1,-0.04,0.99,3
0.1,-0.02,1.0,3
0.1,-0.01,1.0,3
0.11,0.02,1.0,3
0.11,0.03,1.01,3
0.11,0.0,1.03,3
0.11,-0.02,1.02,3
0.11,-0.04,1.01,3
0.11,-0.03,1.0,3
0.1,0.02,1.04,3
0.06,0.12,1.18,3
0.01,0.27,1.3,3
-0.12,1.0,1.69,3
-0.14,1.42,1.98,3
-0.11,1.62,2.26,3
-0.17,1.27,1.9,3
-0.54,-0.18,0.42,3
-0.97,-1.22,-0.3,3
-1.64,-3.58,-1.01,3
-1.45,-4.0,-0.99,3
-1.03,-4.0,-0.45,3
-1.22,-3.62,-0.04,3
-2.92,-0.47,0.81,3
-3.92,1.67,1.37,3
-3.95,4.0,3.28,3
-2.89,4.0,4.0,3
-0.58,3.97,3.85,3
-0.81,3.67,2.85,3
-2.88,0.96,0.53,3
-3.49,-0.7,-0.06,3
-2.81,-3.22,-0.5,3
-1.86,-3.97,-0.63,3
-0.29,-4.0,-0.66,3
-0.19,-3.65,-0.36,3
-0.75,-1.43,0.69,3
-0.99,-0.29,1.21,3
-0.79,1.33,2.06,3
-0.41,1.89,2.34,3
0.22,2.39,2.31,3
0.27,2.14,1.95,3
0.04,0.9,1.06,3
-0.05,-0.21,0.67,3
-0.02,-0.57,0.61,3
0.07,-1.01,0.56,3
0.1,-1.1,0.58,3
0.12,-0.96,0.7,3
0.13,-0.75,0.8,3
0.15,-0.22,0.97,3
0.16,0.01,1.02,3
0.18,0.31,1.12,3
0.19,0.35,1.17,3
0.18,0.21,1.24,3
0.17,0.04,1.21,3
0.16,-0.25,1.01,3
0.16,-0.31,0.9,3
0.18,-0.3,0.79,3
0.18,-0.24,0.81,3
0.18,-0.11,0.95,3
0.18,-0.07,1.01,3
0.17,-0.04,1.07,3
0.17,-0.04,1.07,3
0.16,-0.08,1.06,3
0.16,-0.11,1.03,3
0.16,-0.15,0.98,3
0.17,-0.15,0.96,3
0.17,-0.12,0.95,3
0.17,-0.11,0.96,3
0.16,-0.11,0.99,3
0.16,-0.12,1.0,3
0.15,-0.14,1.03,3
0.15,-0.14,1.05,3
0.15,-0.09,1.06,3
0.16,-0.09,1.02,3
0.17,-0.13,0.92,3
0.17,-0.14,0.88,3
0.17,-0.13,0.9,3
0.17,-0.1,1.02,3
0.16,-0.11,1.06,3
0.15,-0.14,1.08,3
0.15,-0.14,1.06,3
0.16,-0.12,0.98,3
0.16,-0.11,0.95,3
0.16,-0.09,0.93,3
0.16,-0.1,0.94,3
0.16,-0.12,1.0,3
0.15,-0.13,1.03,3
0.15,-0.13,1.04,3
0.15,-0.13,1.04,3
0.15,-0.13,1.0,3
0.15,-0.13,0.98,3
0.15,-0.1,0.96,3
0.16,-0.08,0.96,3
0.16,-0.04,0.99,3
0.16,-0.05,1.0,3
0.16,-0.1,1.01,3
0.15,-0.12,1.02,3
0.15,-0.13,1.01,3
0.16,-0.11,1.0,3
0.14,-0.02,0.96,4
0.14,-0.03,0.94,4
0.13,-0.04,0.97,4
0.13,-0.04,1.03,4
0.13,-0.03,1.06,4
0.13,-0.02,1.06,4
0.13,-0.01,1.03,4
0.13,-0.03,0.97,4
0.13,-0.04,0.96,4
0.13,-0.07,1.02,4
0.14,-0.09,1.09,4
-0.0,0.03,1.34,4
-0.12,0.34,1.5,4
-0.31,1.18,2.19,4
-0.28,1.46,2.61,4
-0.23,1.38,2.38,4
-0.31,0.92,1.46,4
-0.93,-0.9,-0.46,4
-1.31,-2.14,-0.92,4
-1.14,-4.0,-1.28,4
-0.72,-4.0,-1.42,4
-0.87,-3.58,-1.09,4
-1.53,-2.54,-0.44,4
-3.32,0.35,1.16,4
-4.0,1.96,2.07,4
-3.47,4.0,4.0,4
-2.27,4.0,4.0,4
-0.87,3.9,3.58,4
-1.25,3.28,2.39,4
-2.3,0.54,0.03,4
-2.42,-0.78,-0.45,4
-1.67,-2.8,-0.69,4
-1.07,-3.52,-0.75,4
-0.29,-3.93,-0.71,4
-0.47,-2.48,0.07,4
-0.82,-1.27,0.67,4
-1.53,1.01,2.05,4
-1.4,1.85,2.87,4
-0.26,2.92,3.92,4
0.12,2.95,3.52,4
-0.19,1.69,1.29,4
-0.43,0.78,0.42,4
-0.46,-0.67,-0.31,4
-0.31,-1.2,-0.38,4
-0.01,-1.8,-0.12,4
0.04,-1.78,0.19,4
-0.0,-1.06,0.93,4
-0.03,-0.54,1.21,4
-0.0,0.28,1.52,4
0.04,0.54,1.59,4
0.11,0.74,1.52,4
0.12,0.65,1.38,4
0.09,0.19,1.03,4
0.08,-0.06,0.9,4
0.08,-0.33,0.79,4
0.09,-0.35,0.81,4
0.1,-0.2,0.99,4
0.1,-0.08,1.08,4
0.12,0.09,1.13,4
0.12,0.11,1.08,4
0.12,0.03,0.96,4
0.12,-0.03,0.94,4
0.11,-0.12,0.97,4
0.11,-0.12,1.0,4
0.11,-0.06,1.03,4
0.12,0.01,1.01,4
0.12,0.01,0.99,4
0.11,-0.03,0.97,4
0.11,-0.06,0.98,4
0.1,-0.08,1.03,4
0.1,-0.07,1.05,4
0.11,-0.03,1.04,4
0.11,-0.01,1.01,4
0.12,-0.02,0.96,4
0.12,-0.04,0.95,4
0.11,-0.08,0.97,4
0.11,-0.08,0.99,4
0.11,-0.04,1.03,4
0.11,-0.02,1.05,4
0.11,-0.01,1.04,4
0.11,-0.02,1.01,4
0.11,-0.06,0.97,4
0.11,-0.07,0.97,4
0.11,-0.06,0.98,4
0.11,-0.05,0.99,4
0.11,-0.03,1.01,4
0.11,-0.02,1.01,4
0.11,-0.05,1.01,4
0.1,-0.06,1.02,4
0.1,-0.07,1.05,4
0.1,-0.05,1.04,4
0.11,-0.02,0.99,4
0.11,-0.02,0.97,4
0.11,-0.06,0.97,4
0.11,-0.07,0.99,4
0.11,-0.06,1.02,4
0.11,-0.02,1.05,4
0.11,-0.02,1.04,4
0.11,-0.05,1.0,4
0.11,-0.06,0.98,4
0.1,-0.04,1.02,5
0.1,-0.04,1.0,5
0.1,-0.06,1.0,5
0.1,-0.07,1.0,5
0.1,-0.06,1.03,5
0.1,-0.05,1.04,5
0.11,-0.06,1.01,5
0.11,-0.06,1.0,5
0.09,-0.03,1.06,5
0.08,0.04,1.11,5
0.04,0.28,1.23,5
0.02,0.42,1.3,5
0.01,0.72,1.47,5
0.04,0.73,1.58,5
0.05,0.21,1.54,5
0.01,-0.14,1.26,5
-0.03,-0.78,0.39,5
-0.12,-1.24,-0.18,5
-0.62,-2.62,-1.05,5
-0.67,-3.35,-1.06,5
-0.69,-3.65,-0.33,5
-1.12,-2.67,0.23,5
-3.47,1.14,1.48,5
-4.0,3.04,2.55,5
-2.7,4.0,4.0,5
-0.48,3.96,3.82,5
-0.9,3.45,2.71,5
-2.93,0.62,-0.28,5
-3.46,-0.97,-1.03,5
-2.46,-3.56,-1.35,5
-1.47,-4.0,-1.25,5
-0.42,-4.0,-0.56,5
-0.6,-3.48,0.04,5
-1.75,-0.72,1.29,5
-2.11,0.64,1.92,5
-1.31,2.49,3.22,5
-0.51,3.05,3.57,5
0.22,2.97,2.62,5
0.03,2.18,1.62,5
-0.42,0.29,0.36,5
-0.42,-0.42,0.15,5
-0.14,-1.31,0.05,5
-0.02,-1.52,0.12,5
0.04,-1.45,0.56,5
0.01,-1.14,0.86,5
-0.0,-0.26,1.23,5
0.02,0.13,1.29,5
0.08,0.61,1.33,5
0.11,0.69,1.33,5
0.12,0.5,1.25,5
0.11,0.28,1.16,5
0.1,-0.16,1.0,5
0.1,-0.29,0.95,5
0.11,-0.35,0.86,5
0.12,-0.29,0.84,5
0.12,-0.07,0.9,5
0.13,0.09,1.03,5
0.14,0.11,1.06,5
0.13,0.02,1.06,5
0.12,-0.06,1.03,5
0.11,-0.13,0.97,5
0.11,-0.11,0.96,5
0.14,-0.05,1.0,5
0.15,-0.05,1.02,5
0.15,-0.11,0.99,5
0.15,-0.12,0.96,5
0.13,-0.06,0.93,5
0.13,-0.02,0.96,5
0.12,-0.02,1.05,5
0.12,-0.05,1.07,5
0.11,-0.09,1.03,5
0.11,-0.08,0.99,5
0.11,-0.04,0.96,5
0.11,-0.05,0.98,5
0.13,-0.08,1.02,5
0.13,-0.08,1.02,5
0.13,-0.07,0.99,5
0.13,-0.05,0.98,5
0.13,-0.0,1.0,5
0.13,0.0,1.03,5
0.13,-0.04,1.07,5
0.12,-0.09,1.05,5
0.12,-0.15,0.96,5
0.11,-0.12,0.92,5
0.12,0.02,0.94,5
0.13,0.08,0.99,5
0.13,0.04,1.09,5
0.11,-0.14,1.06,5
0.1,-0.2,1.01,5
0.09,-0.19,0.93,5
0.09,-0.12,0.9,5
0.12,-0.01,0.91,5
0.14,0.0,0.97,5
0.14,-0.04,1.09,5
0.14,-0.06,1.12,5
0.12,-0.04,1.09,5
0.11,-0.04,1.04,5
0.1,-0.08,0.94,5
0.1,-0.1,0.91,5
0.09,-0.1,0.95,5
0.1,-0.08,1.0,6
0.1,-0.04,1.0,6
0.1,-0.02,1.0,6
0.1,-0.01,1.03,6
0.09,-0.02,1.04,6
0.08,-0.07,1.08,6
0.08,-0.09,1.11,6
0.1,-0.06,1.05,6
0.1,-0.04,0.97,6
0.13,-0.01,0.81,6
0.13,-0.0,0.79,6
0.1,-0.02,0.99,6
0.05,-0.0,1.19,6
-0.08,0.34,1.6,6
-0.17,1.13,2.07,6
-0.17,1.47,2.3,6
-0.19,1.6,1.99,6
-0.26,1.26,1.33,6
-0.52,-0.16,-0.1,6
-0.77,-1.17,-0.56,6
-1.01,-3.39,-0.87,6
-0.81,-4.0,-0.85,6
-0.64,-4.0,-0.51,6
-0.98,-3.56,-0.17,6
-2.15,-1.06,0.66,6
-2.91,0.5,1.12,6
-3.61,3.52,2.69,6
-2.86,4.0,3.67,6
-0.63,4.0,4.0,6
-0.39,3.82,3.42,6
-1.61,1.53,0.71,6
-2.32,-0.17,-0.22,6
-2.95,-3.26,-0.88,6
-2.43,-4.0,-0.95,6
-0.88,-4.0,-0.81,6
-0.81,-3.93,-0.53,6
-2.22,-1.91,0.4,6
-3.22,-0.09,0.91,6
-4.0,3.3,2.32,6
-3.21,4.0,3.34,6
-0.66,4.0,4.0,6
-0.36,3.9,3.71,6
-1.53,1.97,1.44,6
-1.99,0.52,0.6,6
-1.79,-1.64,-0.08,6
-0.76,-2.88,-0.2,6
-0.33,-3.14,-0.17,6
-0.04,-2.63,0.15,6
-0.08,-1.91,0.41,6
-0.18,-0.38,0.83,6
-0.18,0.25,1.02,6
-0.03,1.13,1.47,6
0.08,1.34,1.68,6
0.19,1.19,1.76,6
0.14,0.83,1.55,6
0.04,-0.02,1.0,6
0.03,-0.34,0.83,6
0.08,-0.68,0.69,6
0.1,-0.72,0.68,6
0.13,-0.5,0.78,6
0.14,-0.28,0.88,6
0.16,0.1,1.03,6
0.17,0.2,1.06,6
0.17,0.22,1.06,6
0.16,0.14,1.06,6
0.14,-0.09,1.1,6
0.13,-0.16,1.09,6
0.13,-0.19,1.01,6
0.14,-0.16,0.95,6
0.14,-0.07,0.87,6
0.14,-0.04,0.89,6
0.14,-0.04,1.0,6
0.13,-0.05,1.05,6
0.13,-0.06,1.09,6
0.13,-0.06,1.07,6
0.14,-0.07,1.0,6
0.14,-0.08,0.98,6
0.15,-0.07,0.96,6
0.14,-0.06,0.98,6
0.14,-0.06,0.99,6
0.13,-0.07,1.0,6
0.13,-0.08,1.0,6
0.12,-0.07,1.03,6
0.13,-0.07,1.04,6
0.13,-0.07,1.01,6
0.13,-0.07,1.0,6
0.14,-0.07,0.97,6
0.14,-0.07,0.97,6
0.13,-0.08,0.98,6
0.13,-0.07,1.01,6
0.13,-0.07,1.05,6
0.13,-0.07,1.05,6
0.13,-0.06,1.02,6
0.13,-0.05,1.0,6
0.13,-0.05,0.96,6
0.13,-0.05,0.97,6
0.13,-0.08,1.0,6
0.13,-0.09,1.01,6
0.13,-0.13,1.01,6
0.13,-0.13,1.01,6
0.13,-0.07,0.97,7
0.13,-0.07,0.97,7
0.12,-0.11,1.01,7
0.12,-0.13,1.05,7
0.13,-0.09,1.11,7
0.13,-0.03,1.07,7
0.13,-0.04,1.01,7
0.13,-0.11,0.89,7
0.12,-0.14,0.88,7
0.11,-0.17,0.99,7
0.1,-0.1,1.08,7
0.07,0.21,1.27,7
0.06,0.41,1.37,7
0.07,0.69,1.54,7
0.08,0.67,1.59,7
0.09,0.22,1.42,7
0.07,-0.1,1.1,7
-0.08,-0.83,0.28,7
-0.15,-1.24,-0.05,7
-0.12,-2.02,-0.39,7
-0.16,-2.35,-0.38,7
-0.36,-2.75,-0.15,7
-0.55,-2.56,-0.05,7
-1.37,-0.88,0.22,7
-2.27,0.6,0.57,7
-3.71,3.61,2.6,7
-3.17,4.0,3.81,7
-0.84,4.0,4.0,7
-0.86,3.49,3.89,7
-2.9,0.98,1.4,7
-3.77,-0.29,-0.12,7
-4.0,-2.71,-1.71,7
-3.47,-3.77,-1.99,7
-1.51,-4.0,-2.14,7
-1.01,-4.0,-1.93,7
-1.73,-2.87,-0.76,7
-3.73,0.71,0.87,7
-4.0,2.19,1.97,7
-2.81,3.61,4.0,7
-1.27,3.86,4.0,7
-0.33,2.96,3.65,7
-0.95,2.01,2.64,7
-1.77,0.12,0.54,7
-1.65,-0.62,0.03,7
-0.91,-1.76,-0.29,7
-0.56,-2.15,-0.34,7
-0.13,-2.35,-0.34,7
-0.07,-2.12,-0.22,7
-0.1,-1.19,0.31,7
-0.11,-0.72,0.6,7
-0.09,-0.0,1.07,7
-0.07,0.26,1.27,7
0.02,0.56,1.62,7
0.06,0.58,1.72,7
0.06,0.31,1.59,7
0.04,0.07,1.36,7
0.01,-0.37,0.92,7
0.02,-0.5,0.79,7
0.03,-0.6,0.7,7
0.04,-0.57,0.71,7
0.05,-0.38,0.82,7
0.06,-0.27,0.89,7
0.06,-0.13,1.01,7
0.06,-0.1,1.04,7
0.06,-0.14,1.07,7
0.05,-0.19,1.08,7
0.04,-0.3,1.05,7
0.05,-0.33,0.96,7
0.05,-0.33,0.92,7
0.05,-0.27,0.88,7
0.05,-0.23,0.91,7
0.05,-0.21,0.99,7
0.05,-0.21,1.02,7
0.05,-0.24,1.03,7
0.04,-0.25,1.01,7
0.05,-0.26,0.97,7
0.05,-0.26,0.96,7
0.05,-0.26,0.94,7
0.05,-0.26,0.95,7
0.05,-0.26,0.98,7
0.05,-0.26,0.99,7
0.04,-0.24,0.99,7
0.04,-0.24,0.97,7
0.03,-0.25,0.97,7
0.03,-0.25,0.98,7
0.04,-0.22,0.98,7
0.04,-0.22,0.98,7
0.04,-0.27,1.0,7
0.04,-0.28,1.01,7
0.05,-0.25,1.01,7
0.05,-0.23,1.0,7
0.03,-0.25,1.05,7
0.03,-0.28,1.09,7
0.03,-0.33,1.13,7
0.04,-0.34,1.08,7
0.05,-0.35,0.94,7
0.05,-0.4,0.89,7
0.05,-0.59,0.87,7
0.03,-0.55,0.83,7
0.02,-0.38,0.8,7
0.01,0.97,1.5,8
-0.0,1.15,1.63,8
-0.03,1.05,1.96,8
-0.06,0.69,1.88,8
-0.08,-0.05,0.91,8
-0.03,-0.36,0.23,8
0.09,-1.25,-0.86,8
0.08,-1.87,-1.08,8
0.05,-2.84,-0.95,8
-0.01,-2.93,-0.71,8
-0.31,-2.14,-0.21,8
-0.53,-1.45,-0.07,8
-1.16,-0.08,0.15,8
-1.66,0.72,0.45,8
-2.81,2.92,2.04,8
-3.06,3.84,3.31,8
-1.79,4.0,4.0,8
-1.16,3.75,4.0,8
-2.01,1.37,2.51,8
-2.87,-0.01,0.83,8
-3.6,-2.48,-1.55,8
-2.94,-3.59,-2.04,8
-0.75,-4.0,-2.32,8
-0.28,-4.0,-2.19,8
-0.96,-2.25,-1.13,8
-1.55,-0.62,-0.33,8
-2.83,2.1,1.83,8
-1.96,3.46,4.0,8
-0.66,3.65,4.0,8
-0.09,2.5,3.55,8
-0.74,1.4,2.4,8
-1.37,-0.4,-0.01,8
-1.08,-1.0,-0.65,8
-0.19,-1.78,-1.17,8
0.11,-1.94,-1.22,8
0.29,-1.7,-0.66,8
0.19,-1.34,-0.02,8
-0.04,-0.53,1.24,8
-0.06,-0.13,1.69,8
0.11,0.52,2.21,8
0.21,0.75,2.21,8
0.26,0.86,1.65,8
0.24,0.7,1.24,8
0.21,0.13,0.77,8
0.21,-0.14,0.76,8
0.22,-0.46,0.84,8
0.24,-0.51,0.83,8
0.26,-0.43,0.74,8
0.26,-0.32,0.72,8
0.26,-0.05,0.83,8
0.26,0.06,0.96,8
0.26,0.13,1.18,8
0.25,0.11,1.21,8
0.24,0.04,1.09,8
0.25,-0.02,0.99,8
0.25,-0.11,0.91,8
0.25,-0.13,0.94,8
0.26,-0.11,0.97,8
0.26,-0.09,0.98,8
0.25,-0.08,0.98,8
0.25,-0.06,0.98,8
0.25,-0.05,0.97,8
0.24,-0.05,1.0,8
0.24,-0.05,1.01,8
0.24,-0.05,1.01,8
0.24,-0.05,0.99,8
0.24,-0.06,0.95,8
0.24,-0.07,0.95,8
0.24,-0.05,0.97,8
0.24,-0.04,0.98,8
0.25,-0.04,0.99,8
0.25,-0.05,0.99,8
0.25,-0.06,0.98,8
0.25,-0.05,0.98,8
0.25,-0.03,0.99,8
0.25,-0.01,0.99,8
0.24,0.0,1.0,8
0.24,0.0,1.0,8
0.23,-0.06,1.0,8
0.24,-0.13,1.0,8
0.24,-0.25,0.96,8
0.24,-0.29,0.93,8
0.25,-0.35,0.87,8
0.26,-0.34,0.85,8
0.27,-0.23,0.9,8
0.27,-0.16,0.96,8
0.28,-0.1,0.99,8
0.28,-0.1,0.97,8
0.25,0.01,0.99,8
0.24,0.2,1.0,8
0.26,0.17,0.93,8
0.24,-0.24,0.73,8
0.2,-0.44,0.67,8
0.17,-0.51,0.72,8
0.07,-0.45,0.92,8
-0.08,-0.42,1.53,8
-0.03,-0.35,1.71,8
0.09,-0.1,1.68,8
0.11,0.03,1.56,8
0.04,0.24,1.23,8
0.24,0.09,0.9,9
0.24,0.14,0.97,9
0.24,0.19,1.02,9
0.25,0.3,1.06,9
0.26,0.33,1.04,9
0.27,0.31,0.93,9
0.27,0.28,0.87,9
0.26,0.2,0.83,9
0.26,0.18,0.85,9
0.25,0.22,0.99,9
0.25,0.27,1.05,9
0.26,0.37,1.08,9
0.26,0.43,1.08,9
0.16,0.74,1.23,9
0.07,1.01,1.34,9
-0.05,1.62,1.36,9
0.05,1.85,1.02,9
0.1,1.59,0.77,9
-0.1,0.23,0.39,9
-0.51,-0.73,0.33,9
-1.58,-3.01,0.68,9
-1.59,-3.92,0.99,9
-0.83,-4.0,1.29,9
-0.71,-3.84,1.12,9
-1.85,-1.22,0.61,9
-2.85,0.58,0.53,9
-3.88,3.56,0.79,9
-3.37,4.0,1.17,9
-0.32,4.0,1.75,9
0.76,3.98,1.68,9
-0.37,2.74,0.94,9
-1.74,1.15,0.67,9
-2.93,-1.72,0.6,9
-2.4,-2.71,0.69,9
-0.48,-3.83,0.6,9
0.24,-3.66,0.37,9
0.49,-1.87,0.29,9
-0.08,-0.77,0.72,9
-0.77,0.86,1.79,9
-0.39,1.31,2.15,9
0.41,1.63,2.18,9
0.43,1.49,1.81,9
0.16,0.75,0.92,9
0.1,0.32,0.71,9
0.1,-0.34,0.78,9
0.11,-0.56,0.9,9
0.14,-0.76,1.0,9
0.2,-0.66,0.97,9
0.22,-0.47,0.96,9
0.25,-0.02,0.99,9
0.26,0.16,1.02,9
0.26,0.35,1.08,9
0.26,0.35,1.08,9
0.25,0.18,0.96,9
0.24,0.03,0.88,9
0.22,-0.23,0.81,9
0.22,-0.28,0.87,9
0.22,-0.23,1.09,9
0.22,-0.13,1.17,9
0.24,0.08,1.13,9
0.25,0.12,1.04,9
0.25,0.08,0.89,9
0.24,0.01,0.87,9
0.22,-0.13,0.96,9
0.22,-0.16,1.02,9
0.22,-0.12,1.07,9
0.22,-0.08,1.05,9
0.23,-0.03,1.0,9
0.23,-0.02,0.97,9
0.25,-0.03,0.94,9
0.26,-0.04,0.94,9
0.26,-0.04,0.97,9
0.26,-0.04,0.98,9
0.25,-0.05,0.97,9
0.24,-0.06,0.96,9
0.24,-0.09,0.95,9
0.23,-0.1,0.95,9
0.23,-0.11,0.96,9
0.22,-0.07,0.89,9
0.22,-0.05,0.85,9
0.23,-0.01,0.84,9
0.23,-0.02,0.9,9
0.23,-0.06,1.04,9
0.23,-0.05,1.08,9
0.23,-0.0,1.1,9
0.22,0.01,1.09,9
0.19,-0.05,1.02,9
0.18,-0.12,0.96,9
0.16,-0.21,0.93,9
0.16,-0.22,0.95,9
0.16,-0.13,1.0,9
0.17,-0.06,1.04,9
0.18,0.05,1.13,9
0.18,0.07,1.15,9
0.17,0.03,1.09,9
0.17,-0.02,1.02,9
0.16,-0.13,0.91,9
0.16,-0.16,0.9,9
0.16,-0.14,0.96,9
0.17,-0.1,1.01,9
0.16,0.11,1.16,10
0.15,0.15,1.24,10
0.15,0.2,1.24,10
0.15,0.18,1.16,10
0.14,0.09,0.99,10
0.14,0.04,0.95,10
0.13,0.05,0.98,10
0.16,0.19,1.07,10
0.17,0.19,1.11,10
0.14,0.03,1.13,10
0.12,-0.01,1.16,10
0.1,0.23,1.32,10
0.06,0.5,1.36,10
0.0,1.16,1.33,10
0.02,1.41,1.31,10
-0.02,1.41,1.2,10
-0.12,1.12,1.07,10
-0.5,-0.14,0.7,10
-1.0,-1.09,0.42,10
-2.27,-3.4,0.05,10
-2.25,-4.0,-0.06,10
-1.36,-4.0,-0.36,10
-1.4,-3.83,-0.47,10
-2.74,-1.26,-0.25,10
-3.78,0.86,0.25,10
-4.0,4.0,2.98,10
-3.79,4.0,4.0,10
-1.62,4.0,4.0,10
-1.34,3.86,3.63,10
-2.93,1.85,0.93,10
-3.85,0.29,-0.44,10
-4.0,-2.33,-1.57,10
-3.86,-3.46,-1.59,10
-1.64,-4.0,-1.53,10
-0.43,-4.0,-1.36,10
-0.52,-3.36,-0.16,10
-1.45,-2.23,0.65,10
-2.44,0.09,1.91,10
-1.28,1.45,2.61,10
-0.47,1.94,2.66,10
0.4,2.4,1.97,10
0.43,2.17,1.47,10
0.08,0.99,0.94,10
-0.05,0.39,0.93,10
-0.0,-0.4,1.07,10
0.06,-0.65,1.16,10
0.1,-0.96,1.23,10
0.1,-1.01,1.2,10
0.12,-0.89,0.97,10
0.13,-0.74,0.8,10
0.16,-0.38,0.55,10
0.18,-0.21,0.52,10
0.23,0.02,0.63,10
0.24,0.07,0.76,10
0.19,0.03,1.04,10
0.15,-0.03,1.16,10
0.12,-0.13,1.32,10
0.12,-0.16,1.36,10
0.15,-0.22,1.25,10
0.16,-0.23,1.11,10
0.18,-0.18,0.8,10
0.19,-0.16,0.7,10
0.2,-0.17,0.68,10
0.2,-0.2,0.78,10
0.18,-0.24,1.07,10
0.18,-0.26,1.16,10
0.17,-0.31,1.15,10
0.17,-0.32,1.05,10
0.17,-0.3,0.84,10
0.16,-0.23,0.82,10
0.15,-0.18,0.91,10
0.14,-0.13,1.12,10
0.14,-0.12,1.19,10
0.16,-0.19,1.16,10
0.16,-0.24,1.06,10
0.17,-0.3,0.85,10
0.18,-0.29,0.79,10
0.18,-0.23,0.8,10
0.17,-0.19,0.84,10
0.16,-0.16,0.93,10
0.16,-0.18,0.96,10
0.16,-0.26,0.91,10
0.15,-0.3,0.89,10
0.13,-0.29,0.96,10
0.13,-0.23,1.02,10
0.12,-0.07,1.14,10
0.11,-0.01,1.15,10
0.11,0.07,1.07,10
0.12,0.08,1.05,10
0.12,0.02,1.07,10
0.1,-0.04,1.11,10
0.08,-0.11,1.13,10
0.09,-0.11,1.1,10
0.12,-0.13,0.98,10
0.13,-0.16,0.93,10
0.13,-0.2,0.88,10
0.12,-0.2,0.86,10
0.13,-0.14,0.89,10
0.14,-0.1,0.94,10
0.16,-0.06,1.04,10
-0.24,0.99,2.47,11
-0.19,1.23,2.79,11
-0.14,1.09,2.61,11
-0.32,0.76,1.92,11
-0.98,-0.1,0.09,11
-1.42,-0.65,-0.7,11
-2.61,-2.49,-1.69,11
-2.73,-3.58,-1.9,11
-1.28,-4.0,-1.97,11
-0.63,-3.98,-1.76,11
-1.52,-1.94,-0.46,11
-2.85,-0.37,0.45,11
-4.0,2.17,2.79,11
-4.0,2.81,3.87,11
-2.42,3.32,4.0,11
-1.19,3.44,4.0,11
-1.29,2.33,2.9,11
-2.1,1.51,1.36,11
-3.43,-0.31,-1.2,11
-3.57,-1.38,-1.71,11
-1.97,-3.63,-1.85,11
-0.73,-4.0,-1.7,11
0.15,-3.84,-0.68,11
-0.39,-2.98,0.15,11
-2.02,-0.75,1.81,11
-2.3,0.03,2.59,11
-1.15,0.97,3.92,11
0.23,1.64,3.79,11
0.25,1.77,2.88,11
-0.33,1.16,0.55,11
-0.51,0.62,-0.21,11
-0.28,-0.48,-0.74,11
-0.08,-0.97,-0.6,11
0.04,-1.67,0.15,11
-0.01,-1.8,0.63,11
-0.08,-1.53,1.4,11
-0.07,-1.19,1.61,11
0.03,-0.42,1.58,11
0.09,-0.12,1.37,11
0.17,0.2,0.86,11
0.19,0.23,0.73,11
0.2,0.1,0.84,11
0.18,-0.05,1.0,11
0.12,-0.36,1.21,11
0.11,-0.46,1.22,11
0.13,-0.51,1.08,11
0.15,-0.47,0.95,11
0.19,-0.34,0.67,11
0.2,-0.29,0.57,11
0.21,-0.23,0.59,11
0.19,-0.24,0.73,11
0.16,-0.29,1.13,11
0.14,-0.29,1.27,11
0.15,-0.24,1.3,11
0.16,-0.2,1.17,11
0.17,-0.22,0.82,11
0.17,-0.28,0.71,11
0.16,-0.39,0.72,11
0.16,-0.41,0.82,11
0.16,-0.34,1.04,11
0.17,-0.23,1.11,11
0.18,-0.2,1.1,11
0.19,-0.19,1.04,11
0.19,-0.21,1.01,11
0.19,-0.28,0.97,11
0.18,-0.31,0.96,11
0.18,-0.32,0.92,11
0.18,-0.31,0.88,11
0.18,-0.29,0.86,11
0.18,-0.28,0.92,11
0.18,-0.28,1.02,11
0.18,-0.28,1.03,11
0.2,-0.33,0.97,11
0.2,-0.37,0.92,11
0.19,-0.37,0.88,11
0.19,-0.29,0.9,11
0.25,-0.18,0.91,11
0.26,-0.26,0.86,11
0.19,-0.53,0.71,11
0.17,-0.58,0.67,11
0.16,-0.45,0.75,11
0.15,-0.37,0.78,11
0.17,-0.4,1.22,11
0.11,-0.38,1.46,11
0.28,-0.17,1.53,11
0.24,-0.03,1.47,11
0.18,0.19,1.25,11
0.22,0.21,1.12,11
0.15,0.15,0.95,11
0.02,0.15,1.02,11
0.57,-0.26,1.2,11
0.17,-0.34,0.98,11
0.06,-0.35,0.92,11
0.23,-0.34,0.49,11
0.27,-0.3,0.14,11
0.34,-0.29,-0.18,11
0.34,-0.29,-0.11,11
0.31,-0.17,0.42,11
0.33,0.0,0.8,11
0.35,0.59,1.61,11
0.34,0.41,0.95,12
0.33,0.45,1.1,12
0.33,0.46,1.13,12
0.32,0.45,1.07,12
0.3,0.4,0.99,12
0.28,0.21,0.88,12
0.29,0.16,0.91,12
0.29,0.2,1.01,12
0.29,0.22,0.97,12
0.31,0.14,0.78,12
0.34,0.1,0.77,12
0.4,0.37,1.06,12
0.44,0.73,1.3,12
0.42,1.82,1.8,12
0.31,2.35,2.1,12
-0.14,2.47,2.35,12
-0.53,1.92,1.9,12
-1.78,0.01,-0.05,12
-3.45,-3.0,-1.36,12
-3.58,-4.0,-1.5,12
-1.8,-4.0,-1.36,12
-1.42,-3.97,-0.93,12
-3.31,-1.25,1.0,12
-4.0,1.62,2.21,12
-4.0,4.0,4.0,12
-2.94,4.0,4.0,12
-0.51,3.92,3.25,12
-1.2,3.48,1.78,12
-3.85,-0.2,-0.32,12
-4.0,-2.35,-0.44,12
-1.77,-4.0,0.08,12
-0.44,-4.0,0.46,12
-0.27,-2.87,1.28,12
-0.78,-1.21,1.47,12
-0.68,1.64,1.34,12
-0.15,2.37,1.12,12
0.41,2.57,0.76,12
0.32,2.08,0.78,12
-0.02,0.54,1.15,12
-0.08,-0.11,1.24,12
0.01,-0.91,1.12,12
0.08,-1.07,0.98,12
0.18,-0.9,0.76,12
0.21,-0.59,0.78,12
0.24,0.11,1.03,12
0.26,0.36,1.12,12
0.27,0.55,1.07,12
0.26,0.44,0.99,12
0.2,-0.02,0.91,12
0.15,-0.3,0.93,12
0.15,-0.31,0.96,12
0.16,-0.12,0.98,12
0.17,-0.03,0.99,12
0.17,-0.01,1.07,12
0.17,-0.05,1.11,12
0.17,-0.02,1.08,12
0.18,0.06,1.04,12
0.2,0.23,0.97,12
0.21,0.27,0.97,12
0.21,0.16,1.02,12
0.2,0.05,1.02,12
0.19,-0.09,0.98,12
0.18,-0.09,0.97,12
0.18,-0.07,0.99,12
0.18,-0.08,1.0,12
0.17,-0.13,0.99,12
0.17,-0.14,0.94,12
0.18,-0.2,0.81,12
0.17,-0.24,0.77,12
0.16,-0.21,0.76,12
0.17,-0.11,0.86,12
0.16,0.11,1.36,12
0.14,0.23,1.56,12
0.17,0.48,1.36,12
0.2,0.48,1.1,12
0.2,0.15,0.74,12
0.19,-0.04,0.7,12
0.17,-0.26,0.85,12
0.16,-0.26,1.01,12
0.16,-0.08,1.22,12
0.18,0.06,1.04,12
0.18,0.03,0.91,12
0.17,-0.08,0.8,12
0.17,-0.1,0.86,12
0.18,-0.04,1.1,12
0.19,0.06,1.14,12
0.2,0.15,1.03,12
0.19,0.09,0.98,12
0.18,-0.07,0.93,12
0.18,-0.11,0.91,12
0.19,-0.08,0.95,12
0.21,-0.01,0.99,12
0.22,0.08,1.05,12
0.22,0.05,1.05,12
0.2,-0.05,0.98,12
0.19,-0.09,0.94,12
0.18,-0.1,0.95,12
0.18,-0.09,0.98,12
0.17,-0.03,1.05,12
0.17,0.0,1.05,12
0.2,0.59,1.43,13
0.22,0.62,1.32,13
0.21,0.52,1.22,13
0.16,0.5,1.33,13
0.03,0.73,1.74,13
-0.04,0.97,1.93,13
-0.08,1.37,2.05,13
-0.07,1.39,1.93,13
-0.22,0.82,1.22,13
-0.44,-0.4,-0.02,13
-0.7,-1.23,-0.61,13
-1.05,-3.05,-1.17,13
-0.87,-3.67,-1.26,13
-0.44,-3.65,-1.32,13
-0.37,-3.02,-1.13,13
-1.12,-1.21,0.27,13
-2.05,-0.34,1.35,13
-3.71,1.62,3.66,13
-3.31,2.72,4.0,13
-0.98,4.0,4.0,13
-0.57,4.0,3.7,13
-0.93,2.78,1.34,13
-1.06,1.66,0.2,13
-1.37,-0.64,-0.57,13
-1.68,-1.77,-0.53,13
-1.54,-3.75,-0.36,13
-0.94,-4.0,-0.36,13
-0.2,-3.77,-0.28,13
-0.24,-2.96,0.06,13
-1.28,-0.89,1.51,13
-1.9,0.05,2.36,13
-1.81,2.02,3.54,13
-1.18,2.99,3.76,13
-0.03,3.9,3.02,13
0.05,3.47,2.01,13
-0.46,1.32,0.42,13
-0.72,0.2,0.19,13
-0.8,-1.54,0.21,13
-0.59,-2.16,0.2,13
-0.04,-2.71,0.11,13
0.21,-2.11,0.25,13
0.14,-1.44,0.58,13
-0.08,-0.15,1.43,13
-0.09,0.34,1.73,13
0.17,1.06,1.78,13
0.3,1.24,1.52,13
0.37,1.0,0.85,13
0.34,0.64,0.63,13
0.26,-0.15,0.69,13
0.23,-0.43,0.86,13
0.21,-0.69,1.08,13
0.22,-0.69,1.05,13
0.27,-0.46,0.83,13
0.29,-0.28,0.77,13
0.31,0.03,0.92,13
0.31,0.12,1.04,13
0.31,0.19,1.15,13
0.31,0.14,1.1,13
0.29,-0.05,0.88,13
0.29,-0.16,0.79,13
0.27,-0.33,0.82,13
0.26,-0.36,0.92,13
0.25,-0.25,1.13,13
0.25,-0.14,1.16,13
0.26,0.04,1.03,13
0.28,0.08,0.93,13
0.29,0.02,0.86,13
0.28,-0.07,0.91,13
0.26,-0.22,1.06,13
0.25,-0.25,1.11,13
0.25,-0.19,1.09,13
0.26,-0.06,0.98,13
0.26,-0.03,0.93,13
0.27,-0.04,0.87,13
0.27,-0.08,0.87,13
0.27,-0.18,0.95,13
0.26,-0.21,1.0,13
0.26,-0.19,1.07,13
0.26,-0.14,1.05,13
0.27,-0.06,0.93,13
0.27,-0.05,0.88,13
0.28,-0.1,0.85,13
0.28,-0.14,0.89,13
0.26,-0.18,1.0,13
0.26,-0.16,1.04,13
0.26,-0.07,1.07,13
0.27,-0.03,1.05,13
0.28,-0.03,0.97,13
0.28,-0.07,0.94,13
0.27,-0.16,0.95,13
0.26,-0.18,0.96,13
0.26,-0.15,0.97,13
0.26,-0.13,0.96,13
0.26,-0.12,0.96,13
0.25,-0.12,0.98,13
0.25,-0.13,1.01,13
0.25,-0.14,1.0,13
0.26,-0.15,0.96,13
0.27,-0.13,0.96,13
0.29,-0.09,0.95,13
0.17,0.06,1.01,14
0.17,0.08,0.99,14
0.15,0.06,0.97,14
0.15,0.02,0.96,14
0.15,-0.04,0.96,14
0.15,-0.03,0.96,14
0.15,0.05,1.03,14
0.15,0.08,1.08,14
0.14,0.08,1.1,14
0.15,0.09,1.05,14
0.17,0.14,1.02,14
0.18,0.22,1.09,14
0.19,0.53,1.53,14
0.12,0.74,1.94,14
-0.18,1.11,2.97,14
-0.29,1.18,3.22,14
-0.51,0.91,2.11,14
-0.75,0.5,1.0,14
-1.19,-0.83,-0.69,14
-1.3,-1.68,-1.14,14
-1.08,-3.38,-1.6,14
-0.84,-3.92,-1.69,14
-0.79,-3.56,-1.5,14
-0.85,-2.69,-1.16,14
-1.46,-0.71,0.46,14
-2.56,0.23,1.74,14
-4.0,2.61,4.0,14
-3.13,3.67,4.0,14
-0.72,4.0,3.99,14
-1.24,2.98,2.4,14
-1.9,1.77,0.86,14
-2.48,-0.85,-0.98,14
-2.33,-2.05,-1.2,14
-1.34,-3.9,-1.2,14
-0.71,-4.0,-1.18,14
-0.09,-3.53,-0.59,14
-0.48,-2.52,0.18,14
-1.57,-0.36,1.91,14
-1.63,0.46,2.63,14
-0.72,1.89,3.44,14
-0.22,2.41,3.42,14
0.1,2.39,2.3,14
-0.05,1.79,1.46,14
-0.35,0.24,0.44,14
-0.36,-0.41,0.26,14
-0.21,-1.33,0.16,14
-0.11,-1.63,0.19,14
-0.01,-1.82,0.46,14
-0.01,-1.66,0.72,14
-0.01,-0.81,1.16,14
0.01,-0.3,1.26,14
0.1,0.44,1.32,14
0.15,0.65,1.3,14
0.22,0.71,1.18,14
0.21,0.52,1.09,14
0.14,-0.09,0.98,14
0.11,-0.35,0.96,14
0.1,-0.61,0.93,14
0.1,-0.62,0.91,14
0.12,-0.41,0.92,14
0.14,-0.11,1.0,14
0.15,-0.02,1.03,14
0.15,0.01,1.01,14
0.15,-0.03,0.97,14
0.13,-0.2,0.95,14
0.12,-0.27,0.99,14
0.12,-0.29,1.07,14
0.12,-0.25,1.07,14
0.14,-0.16,0.95,14
0.15,-0.15,0.91,14
0.15,-0.16,0.92,14
0.14,-0.17,0.97,14
0.14,-0.19,1.05,14
0.13,-0.18,1.06,14
0.14,-0.14,1.03,14
0.14,-0.12,0.99,14
0.15,-0.12,0.94,14
0.15,-0.12,0.93,14
0.15,-0.15,0.97,14
0.15,-0.17,1.0,14
0.15,-0.17,1.02,14
0.15,-0.15,1.0,14
0.15,-0.13,0.96,14
0.15,-0.13,0.97,14
0.15,-0.15,1.0,14
0.15,-0.15,1.0,14
0.15,-0.14,0.97,14
0.15,-0.14,0.96,14
0.14,-0.14,0.96,14
0.14,-0.15,0.99,14
0.14,-0.14,1.07,14
0.14,-0.12,1.07,14
0.14,-0.11,0.99,14
0.14,-0.15,0.95,14
0.14,-0.17,0.97,14
0.14,-0.16,1.03,14
0.14,-0.14,1.03,14
0.14,-0.11,1.0,14
0.15,-0.11,0.98,14
0.15,-0.14,0.96,14
0.14,-0.14,1.0,15
0.14,-0.14,0.99,15
0.14,-0.15,0.98,15
0.14,-0.16,0.97,15
0.14,-0.16,0.97,15
0.14,-0.16,0.97,15
0.14,-0.16,0.98,15
0.14,-0.15,1.01,15
0.14,-0.15,1.02,15
0.13,-0.14,1.08,15
0.13,-0.13,1.16,15
0.07,-0.01,1.52,15
-0.06,0.17,1.9,15
-0.44,0.56,3.08,15
-0.5,0.66,3.55,15
-0.54,0.67,2.92,15
-0.74,0.56,1.76,15
-1.38,-0.3,-0.77,15
-1.86,-1.23,-1.71,15
-2.19,-3.68,-2.64,15
-1.1,-4.0,-2.68,15
-0.78,-3.81,-2.39,15
-1.02,-1.35,-0.77,15
-2.48,0.39,0.61,15
-4.0,3.11,3.8,15
-3.51,3.64,4.0,15
-0.78,3.04,4.0,15
-0.62,2.36,3.83,15
-1.9,0.75,1.52,15
-2.44,-0.09,-0.1,15
-2.26,-1.85,-1.91,15
-1.52,-2.73,-2.16,15
0.2,-3.69,-2.05,15
0.5,-3.36,-1.57,15
-0.54,-1.68,0.39,15
-1.38,-0.86,1.48,15
-1.92,0.43,3.47,15
-1.34,0.91,4.0,15
-0.22,1.44,4.0,15
-0.13,1.51,3.58,15
-0.41,1.03,1.32,15
-0.54,0.49,0.3,15
-0.58,-0.7,-0.81,15
-0.52,-1.23,-1.11,15
-0.31,-2.06,-1.43,15
-0.09,-2.3,-1.43,15
0.29,-2.23,-0.81,15
0.01,-1.81,-0.08,15
-1.0,-0.77,1.73,15
-1.1,-0.28,2.46,15
-0.44,0.7,3.22,15
0.07,1.3,2.85,15
0.08,1.25,2.28,15
-0.05,0.46,1.2,15
-0.09,-0.04,0.91,15
-0.05,-0.78,0.61,15
0.01,-0.98,0.49,15
0.11,-1.07,0.31,15
0.15,-0.99,0.27,15
0.18,-0.6,0.41,15
0.18,-0.4,0.59,15
0.17,-0.12,1.04,15
0.16,-0.06,1.23,15
0.17,-0.01,1.43,15
0.18,-0.03,1.41,15
0.17,-0.17,1.12,15
0.17,-0.27,0.94,15
0.17,-0.43,0.74,15
0.18,-0.46,0.72,15
0.17,-0.42,0.8,15
0.18,-0.35,0.88,15
0.18,-0.21,1.01,15
0.18,-0.18,1.05,15
0.18,-0.2,1.04,15
0.17,-0.23,1.02,15
0.17,-0.31,0.97,15
0.17,-0.33,0.96,15
0.17,-0.32,0.96,15
0.17,-0.3,0.96,15
0.18,-0.28,0.92,15
0.18,-0.28,0.89,15
0.18,-0.3,0.89,15
0.17,-0.31,0.96,15
0.17,-0.3,1.0,15
0.17,-0.27,1.04,15
0.17,-0.26,1.02,15
0.18,-0.27,0.93,15
0.18,-0.28,0.89,15
0.17,-0.32,0.89,15
0.17,-0.32,0.92,15
0.16,-0.3,0.99,15
0.16,-0.29,1.01,15
0.17,-0.25,0.99,15
0.17,-0.25,0.97,15
0.17,-0.29,0.93,15
0.17,-0.3,0.93,15
0.17,-0.3,0.94,15
0.17,-0.28,0.94,15
0.17,-0.26,0.95,15
0.17,-0.27,0.97,15
0.09,0.06,1.22,16
0.1,0.16,1.33,16
0.08,0.38,1.46,16
0.11,0.49,1.47,16
0.13,0.62,1.47,16
0.15,0.6,1.43,16
0.17,0.35,1.1,16
0.15,0.17,0.87,16
0.09,-0.13,0.54,16
0.01,-0.43,0.42,16
-0.05,-0.71,0.35,16
-0.43,-1.91,0.08,16
-0.68,-2.85,-0.08,16
-0.93,-4.0,-0.32,16
-1.04,-4.0,-0.4,16
-2.0,-2.05,-0.23,16
-3.01,-0.08,0.18,16
-4.0,3.76,2.22,16
-4.0,4.0,3.55,16
-1.66,4.0,4.0,16
-1.08,3.93,4.0,16
-2.67,2.41,2.18,16
-3.55,0.79,0.71,16
-4.0,-2.33,-1.09,16
-3.96,-3.58,-1.42,16
-2.15,-4.0,-1.67,16
-1.13,-4.0,-1.67,16
-1.03,-3.28,-0.96,16
-1.65,-1.88,-0.27,16
-3.12,1.36,1.36,16
-3.34,2.47,2.45,16
-1.61,3.57,4.0,16
-0.5,3.55,4.0,16
-0.51,2.13,3.37,16
-1.17,1.06,2.2,16
-1.86,-0.84,0.1,16
-1.72,-1.63,-0.38,16
-0.88,-2.94,-0.71,16
-0.43,-3.27,-0.75,16
-0.08,-2.63,-0.43,16
-0.15,-1.75,-0.04,16
-0.3,-0.21,0.8,16
-0.2,0.58,1.48,16
-0.11,0.81,1.79,16
0.07,0.97,2.14,16
0.1,0.86,2.08,16
0.01,0.22,1.5,16
-0.04,-0.15,1.15,16
-0.07,-0.69,0.64,16
-0.04,-0.84,0.49,16
0.02,-0.89,0.37,16
0.04,-0.77,0.43,16
0.05,-0.37,0.83,16
0.05,-0.18,1.06,16
0.08,-0.0,1.35,16
0.1,-0.02,1.37,16
0.1,-0.22,1.12,16
0.08,-0.33,0.94,16
0.07,-0.46,0.75,16
0.07,-0.47,0.77,16
0.06,-0.39,0.9,16
0.06,-0.34,0.95,16
0.05,-0.3,0.96,16
0.05,-0.31,0.95,16
0.04,-0.33,0.99,16
0.04,-0.32,1.02,16
0.05,-0.29,1.04,16
0.06,-0.28,1.0,16
0.07,-0.3,0.91,16
0.06,-0.32,0.9,16
0.06,-0.32,0.98,16
0.07,-0.3,1.03,16
0.08,-0.27,1.0,16
0.08,-0.3,0.9,16
0.08,-0.33,0.89,16
0.07,-0.36,0.95,16
0.07,-0.34,0.97,16
0.07,-0.29,0.96,16
0.07,-0.3,0.94,16
0.07,-0.33,0.95,16
0.07,-0.33,0.96,16
0.07,-0.3,0.96,16
0.07,-0.3,0.95,16
0.07,-0.33,0.95,16
0.08,-0.32,0.96,16
0.09,-0.28,0.95,16
0.09,-0.28,0.95,16
0.09,-0.32,0.95,16
0.08,-0.34,0.95,16
0.07,-0.35,0.94,16
0.07,-0.33,0.93,16
0.07,-0.31,0.94,16
0.07,-0.3,0.95,16
0.06,-0.31,0.99,16
0.05,-0.3,1.01,16
0.05,-0.29,1.02,16
0.05,-0.3,0.99,16
0.06,-0.37,0.86,16
0.06,-0.38,0.82,16
0.06,-0.3,0.89,16
0.03,-0.27,1.41,17
0.01,-0.2,1.57,17
0.02,-0.04,1.7,17
0.02,0.02,1.61,17
0.04,0.0,1.09,17
0.06,-0.08,0.79,17
0.11,-0.32,0.44,17
0.13,-0.44,0.42,17
0.1,-0.59,0.56,17
0.03,-0.67,0.6,17
-0.5,-1.27,0.2,17
-0.79,-1.95,-0.2,17
-0.78,-3.44,-0.78,17
-0.72,-3.7,-0.87,17
-1.05,-2.32,-0.76,17
-1.49,-1.03,-0.45,17
-3.3,1.51,1.01,17
-4.0,2.5,2.4,17
-2.85,3.19,4.0,17
-1.48,3.61,4.0,17
-1.33,2.81,3.35,17
-2.02,1.92,2.17,17
-3.17,-0.25,-0.25,17
-3.56,-1.36,-1.0,17
-2.91,-3.59,-1.69,17
-1.95,-4.0,-1.76,17
-0.15,-4.0,-1.49,17
-0.21,-3.53,-0.91,17
-1.31,-1.22,0.62,17
-1.56,-0.18,1.24,17
-1.13,1.25,2.24,17
-0.13,1.99,2.93,17
0.16,1.96,2.93,17
-0.02,1.05,2.02,17
-0.21,0.39,1.51,17
-0.31,-0.71,0.97,17
-0.26,-1.06,0.8,17
-0.12,-1.39,0.34,17
-0.05,-1.41,0.15,17
0.04,-1.12,0.27,17
0.01,-0.81,0.59,17
0.0,-0.22,1.18,17
0.04,-0.01,1.29,17
0.09,0.13,1.28,17
0.08,0.07,1.21,17
0.04,-0.23,1.12,17
0.02,-0.38,1.13,17
0.02,-0.52,1.1,17
0.03,-0.51,0.99,17
0.07,-0.42,0.7,17
0.08,-0.4,0.61,17
0.08,-0.39,0.66,17
0.07,-0.39,0.79,17
0.05,-0.37,1.08,17
0.04,-0.35,1.14,17
0.06,-0.35,1.05,17
0.06,-0.36,0.95,17
0.06,-0.4,0.81,17
0.06,-0.41,0.82,17
0.05,-0.42,0.94,17
0.05,-0.39,1.0,17
0.06,-0.33,1.02,17
0.07,-0.32,0.95,17
0.07,-0.35,0.9,17
0.05,-0.43,0.84,17
0.05,-0.44,0.85,17
0.05,-0.4,0.94,17
0.05,-0.36,1.01,17
0.05,-0.33,1.05,17
0.06,-0.34,1.01,17
0.06,-0.39,0.86,17
0.06,-0.41,0.83,17
0.05,-0.42,0.88,17
0.05,-0.4,0.95,17
0.05,-0.34,1.04,17
0.06,-0.33,1.02,17
0.07,-0.37,0.87,17
0.06,-0.4,0.79,17
0.05,-0.4,0.82,17
0.05,-0.38,0.93,17
0.05,-0.33,1.16,17
0.05,-0.32,1.18,17
0.06,-0.34,1.02,17
0.06,-0.37,0.89,17
0.07,-0.41,0.73,17
0.07,-0.42,0.72,17
0.07,-0.41,0.85,17
0.06,-0.38,0.95,17
0.05,-0.33,1.08,17
0.05,-0.33,1.09,17
0.06,-0.34,0.99,17
0.06,-0.35,0.92,17
0.06,-0.38,0.86,17
0.06,-0.42,0.87,17
0.05,-0.42,0.88,17
0.03,-0.39,0.93,17
0.03,-0.35,0.99,17
0.06,-0.29,1.1,17
0.07,-0.29,1.12,17
0.09,-0.34,0.98,17
0.04,-0.35,0.96,18
0.05,-0.34,1.05,18
0.05,-0.32,1.09,18
0.05,-0.3,1.09,18
0.06,-0.31,1.02,18
0.06,-0.38,0.86,18
0.07,-0.4,0.86,18
0.07,-0.23,1.17,18
0.04,-0.04,1.42,18
-0.07,0.35,1.89,18
-0.12,0.42,2.08,18
-0.19,0.08,2.21,18
-0.22,-0.14,1.95,18
-0.33,-0.41,0.8,18
-0.41,-0.57,0.16,18
-0.81,-1.56,-0.85,18
-1.16,-2.56,-1.2,18
-1.49,-4.0,-1.58,18
-1.49,-4.0,-1.64,18
-2.15,-2.83,-0.99,18
-3.08,-0.99,-0.12,18
-4.0,3.2,2.51,18
-3.52,4.0,4.0,18
-2.17,4.0,4.0,18
-1.14,3.38,3.83,18
-2.06,2.19,3.05,18
-3.89,-0.69,0.08,18
-4.0,-1.98,-1.0,18
-2.95,-4.0,-1.86,18
-1.66,-4.0,-1.98,18
-0.32,-3.81,-1.63,18
-0.71,-2.91,-0.91,18
-2.12,0.0,0.93,18
-2.25,1.08,1.75,18
-0.91,2.25,3.23,18
-0.08,2.42,3.7,18
0.26,1.76,3.03,18
-0.1,1.01,2.06,18
-0.53,-0.45,0.7,18
-0.47,-0.98,0.45,18
-0.19,-1.57,0.31,18
-0.09,-1.64,0.3,18
-0.03,-1.28,0.43,18
-0.04,-0.92,0.59,18
-0.05,-0.29,0.97,18
-0.03,-0.09,1.12,18
0.04,0.1,1.31,18
0.06,0.1,1.33,18
0.04,-0.11,1.21,18
0.03,-0.27,1.1,18
0.03,-0.46,0.94,18
0.05,-0.48,0.88,18
0.06,-0.43,0.78,18
0.06,-0.34,0.75,18
0.05,-0.3,0.8,18
0.03,-0.31,0.99,18
0.03,-0.34,1.06,18
0.04,-0.39,1.03,18
0.04,-0.39,0.96,18
0.04,-0.37,0.87,18
0.04,-0.34,0.9,18
0.04,-0.29,1.0,18
0.03,-0.28,1.03,18
0.03,-0.34,0.96,18
0.03,-0.38,0.92,18
0.04,-0.42,0.9,18
0.04,-0.4,0.93,18
0.03,-0.35,0.97,18
0.02,-0.35,0.96,18
0.02,-0.36,0.94,18
0.03,-0.35,0.94,18
0.04,-0.33,0.97,18
0.04,-0.32,0.97,18
0.03,-0.33,0.94,18
0.02,-0.35,0.92,18
0.01,-0.38,0.94,18
0.02,-0.38,0.96,18
0.04,-0.34,0.94,18
0.06,-0.33,0.92,18
0.07,-0.32,0.9,18
0.07,-0.32,0.91,18
0.05,-0.38,0.97,18
0.05,-0.39,1.0,18
0.06,-0.34,1.02,18
0.08,-0.26,0.95,18
0.08,-0.26,0.9,18
0.06,-0.34,0.85,18
0.06,-0.38,0.85,18
0.04,-0.42,0.93,18
0.02,-0.42,0.97,18
-0.01,-0.36,0.98,18
-0.02,-0.33,0.96,18
-0.03,-0.34,0.96,18
-0.02,-0.38,0.98,18
0.02,-0.42,0.97,18
0.05,-0.39,0.92,18
0.1,-0.26,0.84,18
0.1,-0.24,0.83,18
0.09,-0.27,0.94,18
0.07,-0.3,1.03,18
-0.0,-0.28,0.96,19
-0.01,-0.27,0.95,19
-0.02,-0.28,0.96,19
-0.02,-0.29,0.99,19
-0.02,-0.29,1.03,19
-0.02,-0.29,1.02,19
-0.01,-0.27,0.95,19
-0.0,-0.27,0.93,19
-0.01,-0.29,1.0,19
-0.04,-0.3,1.07,19
-0.24,-0.09,1.47,19
-0.71,0.45,2.61,19
-0.89,0.55,3.38,19
-0.65,0.23,3.83,19
-0.65,0.11,2.86,19
-1.15,-0.12,-0.1,19
-1.29,-0.43,-1.24,19
-1.35,-1.7,-2.69,19
-1.45,-2.69,-3.16,19
-1.21,-4.0,-3.39,19
-1.2,-4.0,-3.01,19
-2.16,-2.31,-1.23,19
-2.82,-0.75,-0.09,19
-4.0,2.3,2.64,19
-4.0,3.25,3.88,19
-2.3,3.42,4.0,19
-1.3,3.31,4.0,19
-1.76,1.79,2.13,19
-2.31,0.66,0.51,19
-2.44,-1.71,-1.55,19
-2.07,-2.88,-2.0,19
-0.77,-4.0,-2.39,19
-0.37,-4.0,-2.15,19
-0.95,-2.39,-0.13,19
-1.6,-1.02,1.13,19
-1.88,1.26,3.12,19
-1.24,2.0,3.82,19
0.17,2.58,3.91,19
0.21,2.15,3.01,19
-0.53,0.22,0.65,19
-0.7,-0.7,-0.04,19
-0.38,-1.86,-0.54,19
-0.06,-2.02,-0.23,19
-0.05,-1.68,0.22,19
-0.06,-0.61,1.1,19
-0.01,-0.16,1.31,19
0.09,0.35,1.41,19
0.11,0.42,1.4,19
0.09,0.18,1.34,19
0.07,-0.07,1.23,19
0.04,-0.48,0.87,19
0.04,-0.59,0.7,19
0.04,-0.64,0.52,19
0.02,-0.59,0.56,19
-0.0,-0.43,0.93,19
0.0,-0.32,1.12,19
0.02,-0.14,1.26,19
0.04,-0.12,1.25,19
0.04,-0.23,1.14,19
0.04,-0.31,1.02,19
0.03,-0.35,0.82,19
0.02,-0.29,0.83,19
0.01,-0.19,1.04,19
0.01,-0.22,1.13,19
0.01,-0.37,1.04,19
0.02,-0.42,0.92,19
0.04,-0.39,0.77,19
0.04,-0.34,0.79,19
0.05,-0.25,0.96,19
0.05,-0.23,1.04,19
0.05,-0.25,1.06,19
0.04,-0.28,1.01,19
0.03,-0.33,0.9,19
0.03,-0.35,0.9,19
0.03,-0.33,0.95,19
0.02,-0.3,0.98,19
0.02,-0.29,0.97,19
0.03,-0.3,0.97,19
0.04,-0.3,0.99,19
0.05,-0.28,1.03,19
0.06,-0.28,1.0,19
0.06,-0.29,0.92,19
0.05,-0.29,0.89,19
0.04,-0.3,0.92,19
0.04,-0.31,0.96,19
0.03,-0.32,1.01,19
0.02,-0.32,1.02,19
0.03,-0.32,0.97,19
0.04,-0.32,0.93,19
0.05,-0.32,0.88,19
0.05,-0.33,0.9,19
0.03,-0.31,0.99,19
0.02,-0.3,1.03,19
0.03,-0.3,1.02,19
0.04,-0.29,0.98,19
0.05,-0.27,0.91,19
0.05,-0.28,0.91,19
0.05,-0.35,0.88,19
0.04,-0.35,0.86,19
0.03,-0.32,0.87,19
-0.31,-0.94,-0.6,20
-0.5,-2.49,-1.25,20
-0.67,-4.0,-1.25,20
-0.85,-4.0,-0.97,20
-1.66,-3.54,-0.1,20
-2.09,-2.47,0.52,20
-3.65,0.65,2.41,20
-4.0,2.61,3.45,20
-3.47,4.0,4.0,20
-2.46,4.0,4.0,20
-1.72,3.79,2.58,20
-2.3,2.93,1.24,20
-3.35,-0.71,-0.58,20
-3.56,-2.47,-1.07,20
-3.06,-4.0,-1.85,20
-2.21,-4.0,-2.11,20
-0.89,-3.93,-1.85,20
-1.1,-3.41,-0.78,20
-3.69,-0.08,2.64,20
-4.0,1.72,3.91,20
-1.73,4.0,4.0,20
-0.42,4.0,3.87,20
-0.33,3.17,1.66,20
-0.84,1.79,0.51,20
-1.13,-0.87,-0.33,20
-0.9,-1.77,-0.33,20
-0.28,-2.79,0.02,20
-0.12,-2.81,0.41,20
-0.06,-1.63,1.2,20
-0.04,-0.78,1.29,20
0.08,0.46,1.11,20
0.15,0.79,1.01,20
0.26,0.98,0.92,20
0.22,0.5,1.04,20
0.17,0.11,1.13,20
0.12,-0.46,1.14,20
0.12,-0.58,1.03,20
0.14,-0.5,0.73,20
0.15,-0.34,0.67,20
0.14,-0.02,0.9,20
0.12,0.05,1.15,20
0.11,0.04,1.47,20
0.12,0.02,1.38,20
0.15,-0.06,0.91,20
0.16,-0.13,0.75,20
0.15,-0.23,0.85,20
0.14,-0.24,1.06,20
0.15,-0.17,1.34,20
0.16,-0.12,1.27,20
0.17,-0.09,0.89,20
0.17,-0.1,0.77,20
0.17,-0.04,0.76,20
0.18,0.04,0.84,20
0.18,0.06,1.04,20
0.17,-0.0,1.11,20
0.16,-0.13,1.08,20
0.17,-0.14,1.0,20
0.18,-0.13,0.86,20
0.18,-0.13,0.82,20
0.17,-0.13,0.89,20
0.16,-0.13,0.99,20
0.16,-0.07,1.19,20
0.17,-0.03,1.19,20
0.19,0.01,1.0,20
0.19,-0.06,0.83,20
0.19,-0.11,0.82,20
0.18,-0.17,0.91,20
0.18,-0.17,0.99,20
0.17,-0.09,1.14,20
0.18,-0.04,1.14,20
0.19,-0.02,0.98,20
0.18,-0.06,0.9,20
0.16,-0.16,0.97,20
0.14,-0.18,1.1,20
0.13,-0.19,1.32,20
0.14,-0.18,1.3,20
0.18,-0.11,0.99,20
0.2,-0.04,0.81,20
0.24,0.03,0.65,20
0.25,0.02,0.67,20
0.23,-0.08,0.83,20
0.21,-0.13,0.95,20
0.18,-0.15,1.18,20
0.19,-0.12,1.21,20
0.21,-0.04,1.02,20
0.22,-0.02,0.88,20
0.21,-0.07,0.79,20
0.2,-0.1,0.87,20
0.19,-0.13,1.08,20
0.19,-0.12,1.15,20
0.19,-0.09,1.09,20
0.19,-0.08,1.01,20
0.19,-0.05,0.89,20
0.19,-0.06,0.91,20
0.18,-0.12,1.04,20
0.19,-0.11,1.06,20
0.19,-0.08,1.0,20
0.21,-0.02,0.88,20
0.2,-0.05,0.88,20
0.18,-0.15,0.99,20
0.19,-0.07,0.96,21
0.18,-0.1,0.98,21
0.17,-0.1,1.04,21
0.14,-0.01,1.22,21
0.13,0.07,1.29,21
0.15,0.25,1.31,21
0.16,0.3,1.25,21
0.12,0.34,1.15,21
0.07,0.41,1.2,21
0.07,0.53,1.5,21
0.08,0.44,1.62,21
0.0,0.06,1.28,21
-0.04,-0.15,0.85,21
-0.07,-0.92,-0.09,21
-0.13,-1.61,-0.46,21
-0.41,-3.25,-0.85,21
-0.45,-3.85,-0.91,21
-0.8,-3.79,-0.66,21
-1.26,-2.94,-0.19,21
-3.15,0.31,1.4,21
-4.0,2.19,2.5,21
-3.16,4.0,4.0,21
-0.89,4.0,3.89,21
-0.8,3.82,2.93,21
-1.65,1.58,0.17,21
-2.04,-0.14,-0.62,21
-2.28,-3.12,-1.23,21
-1.9,-4.0,-1.34,21
-0.72,-4.0,-1.06,21
-0.63,-3.95,-0.44,21
-1.64,-1.8,1.11,21
-2.21,0.02,1.69,21
-1.9,2.87,2.82,21
-1.04,3.73,3.31,21
0.09,3.73,2.99,21
-0.12,2.66,2.02,21
-0.81,0.05,0.51,21
-0.81,-0.9,0.27,21
-0.37,-2.04,0.23,21
-0.16,-2.28,0.29,21
-0.0,-1.95,0.58,21
0.0,-1.37,0.76,21
0.01,-0.05,1.02,21
0.03,0.44,1.14,21
0.12,0.93,1.39,21
0.15,0.9,1.46,21
0.1,0.32,1.29,21
0.05,-0.07,1.1,21
0.03,-0.6,0.8,21
0.04,-0.69,0.74,21
0.07,-0.55,0.77,21
0.09,-0.36,0.84,21
0.12,-0.05,1.0,21
0.12,0.01,1.04,21
0.1,-0.04,1.09,21
0.09,-0.17,1.06,21
0.09,-0.22,1.02,21
0.1,-0.26,0.92,21
0.1,-0.27,0.9,21
0.11,-0.22,0.93,21
0.1,-0.19,0.94,21
0.09,-0.16,0.96,21
0.09,-0.18,1.0,21
0.12,-0.23,1.13,21
0.12,-0.21,1.14,21
0.12,-0.14,0.93,21
0.11,-0.13,0.83,21
0.09,-0.16,0.91,21
0.08,-0.18,1.01,21
0.07,-0.2,1.07,21
0.08,-0.21,1.06,21
0.12,-0.18,1.06,21
0.13,-0.14,1.01,21
0.11,-0.12,0.85,21
0.1,-0.16,0.83,21
0.09,-0.27,0.98,21
0.09,-0.26,1.07,21
0.1,-0.17,1.13,21
0.11,-0.12,1.11,21
0.1,-0.1,0.97,21
0.1,-0.14,0.9,21
0.08,-0.22,0.89,21
0.07,-0.24,0.97,21
0.09,-0.22,1.1,21
0.1,-0.2,1.07,21
0.13,-0.14,0.9,21
0.12,-0.12,0.87,21
0.11,-0.14,0.93,21
0.1,-0.21,1.06,21
0.09,-0.23,1.09,21
0.09,-0.21,1.08,21
0.09,-0.17,1.03,21
0.08,-0.14,0.92,21
0.07,-0.16,0.9,21
0.07,-0.22,0.98,21
0.08,-0.22,1.05,21
0.1,-0.19,1.11,21
0.11,-0.17,1.09,21
0.13,-0.13,0.95,21
0.14,-0.13,0.87,21
0.1,-0.33,1.12,22
0.11,-0.28,1.17,22
0.13,-0.12,1.03,22
0.13,-0.07,0.92,22
0.11,-0.12,0.82,22
0.09,-0.18,0.88,22
0.09,-0.26,1.1,22
0.11,-0.24,1.19,22
0.15,-0.15,1.18,22
0.14,-0.09,1.15,22
0.01,0.14,1.36,22
-0.1,0.4,1.61,22
-0.17,1.0,2.18,22
-0.14,1.0,2.14,22
-0.21,0.67,1.59,22
-0.42,-0.31,-0.01,22
-0.55,-1.02,-0.77,22
-0.9,-3.08,-1.82,22
-0.8,-3.93,-2.08,22
-0.66,-4.0,-1.81,22
-1.13,-3.46,-1.05,22
-2.73,-0.6,1.15,22
-3.68,1.21,2.34,22
-3.49,4.0,4.0,22
-2.15,4.0,4.0,22
-0.67,3.67,3.69,22
-1.13,2.56,2.64,22
-2.15,-0.45,-0.18,22
-2.18,-1.71,-1.06,22
-1.37,-3.61,-1.98,22
-0.81,-4.0,-2.18,22
-0.38,-3.48,-1.8,22
-0.61,-2.37,-1.04,22
-1.53,-0.12,1.15,22
-1.94,0.74,2.28,22
-1.53,2.12,4.0,22
-0.88,2.63,4.0,22
-0.31,2.51,3.45,22
-0.51,1.77,2.29,22
-0.84,0.03,0.06,22
-0.76,-0.68,-0.5,22
-0.29,-1.63,-0.9,22
-0.08,-1.84,-0.86,22
0.07,-1.64,-0.19,22
0.03,-0.86,0.82,22
0.01,-0.48,1.18,22
0.01,0.1,1.6,22
0.03,0.29,1.72,22
0.06,0.43,1.8,22
0.06,0.35,1.7,22
0.04,-0.03,1.19,22
0.04,-0.21,0.91,22
0.07,-0.44,0.54,22
0.09,-0.48,0.46,22
0.11,-0.45,0.56,22
0.1,-0.39,0.73,22
0.08,-0.24,1.13,22
0.07,-0.17,1.25,22
0.07,-0.1,1.27,22
0.06,-0.08,1.19,22
0.06,-0.1,1.01,22
0.07,-0.14,0.97,22
0.08,-0.27,0.93,22
0.09,-0.31,0.9,22
0.09,-0.3,0.86,22
0.08,-0.27,0.89,22
0.06,-0.2,1.04,22
0.06,-0.18,1.11,22
0.07,-0.15,1.13,22
0.08,-0.15,1.06,22
0.09,-0.22,0.86,22
0.09,-0.25,0.81,22
0.07,-0.29,0.88,22
0.06,-0.28,0.98,22
0.07,-0.2,1.13,22
0.08,-0.15,1.05,22
0.08,-0.15,0.97,22
0.09,-0.16,0.88,22
0.08,-0.17,0.9,22
0.06,-0.18,1.05,22
0.06,-0.19,1.12,22
0.06,-0.19,1.12,22
0.06,-0.2,1.05,22
0.07,-0.3,0.88,22
0.07,-0.35,0.84,22
0.07,-0.36,0.85,22
0.07,-0.31,0.89,22
0.07,-0.2,1.04,22
0.06,-0.18,1.12,22
0.06,-0.21,1.14,22
0.07,-0.25,1.06,22
0.07,-0.3,0.87,22
0.06,-0.32,0.82,22
0.05,-0.29,0.89,22
0.05,-0.24,0.96,22
0.06,-0.15,1.07,22
0.07,-0.13,1.08,22
0.08,-0.21,1.0,22
0.09,-0.26,0.97,22
0.1,-0.29,0.97,22
0.06,-0.29,0.99,23
0.06,-0.26,1.02,23
0.06,-0.23,0.98,23
0.07,-0.23,0.94,23
0.08,-0.28,0.9,23
0.08,-0.34,0.9,23
0.07,-0.39,0.93,23
0.06,-0.33,0.95,23
0.05,-0.12,1.02,23
0.04,-0.08,1.06,23
0.03,-0.22,1.08,23
0.02,-0.34,1.09,23
-0.0,-0.29,1.21,23
-0.03,-0.1,1.37,23
-0.2,0.36,1.81,23
-0.25,0.57,2.06,23
-0.18,0.8,2.33,23
-0.14,0.77,2.02,23
-0.17,0.11,0.36,23
-0.34,-0.67,-0.5,23
-0.98,-2.92,-1.53,23
-1.06,-3.86,-1.77,23
-0.82,-4.0,-1.82,23
-0.99,-3.42,-1.45,23
-2.68,0.02,0.53,23
-3.79,1.91,2.02,23
-3.39,4.0,4.0,23
-1.64,4.0,4.0,23
-0.04,3.36,3.44,23
-1.08,1.94,1.98,23
-3.25,-1.48,-1.12,23
-2.98,-2.9,-1.81,23
-0.89,-4.0,-1.92,23
-0.38,-4.0,-1.55,23
-0.88,-2.55,0.11,23
-1.92,0.28,1.92,23
-1.93,1.42,2.7,23
-0.78,3.03,3.91,23
-0.15,3.34,4.0,23
-0.07,2.25,2.39,23
-0.42,1.15,1.26,23
-0.72,-0.72,-0.02,23
-0.62,-1.34,-0.3,23
-0.3,-2.15,-0.5,23
-0.18,-2.34,-0.39,23
-0.09,-1.96,0.32,23
-0.1,-1.36,0.76,23
-0.1,-0.07,1.36,23
-0.04,0.38,1.51,23
0.12,0.84,1.62,23
0.16,0.83,1.57,23
0.08,0.29,1.24,23
0.03,-0.1,1.03,23
-0.02,-0.65,0.78,23
-0.01,-0.78,0.71,23
0.01,-0.79,0.66,23
0.02,-0.69,0.68,23
0.04,-0.38,0.81,23
0.03,-0.26,0.93,23
0.03,-0.16,1.24,23
0.05,-0.15,1.35,23
0.08,-0.12,1.24,23
0.08,-0.14,1.04,23
0.07,-0.27,0.74,23
0.06,-0.35,0.73,23
0.05,-0.4,0.91,23
0.07,-0.31,1.05,23
0.07,-0.28,1.02,23
0.05,-0.29,0.88,23
0.04,-0.31,0.86,23
0.03,-0.35,0.99,23
0.04,-0.33,1.07,23
0.06,-0.26,1.09,23
0.07,-0.23,1.03,23
0.07,-0.28,0.89,23
0.06,-0.32,0.88,23
0.04,-0.37,0.97,23
0.04,-0.35,1.02,23
0.05,-0.24,1.04,23
0.06,-0.22,1.01,23
0.06,-0.27,0.97,23
0.07,-0.31,0.95,23
0.06,-0.36,0.89,23
0.06,-0.35,0.88,23
0.07,-0.28,0.92,23
0.08,-0.25,0.96,23
0.09,-0.27,0.99,23
0.08,-0.3,0.99,23
0.06,-0.32,1.0,23
0.05,-0.3,1.01,23
0.05,-0.24,1.02,23
0.06,-0.25,1.02,23
0.08,-0.31,0.94,23
0.1,-0.35,0.86,23
0.1,-0.4,0.75,23
0.09,-0.41,0.78,23
0.07,-0.31,1.02,23
0.07,-0.21,1.19,23
0.07,-0.2,1.16,23
0.08,-0.26,0.93,23
0.11,-0.28,0.8,24
0.08,-0.38,0.88,24
0.06,-0.4,0.97,24
0.04,-0.38,1.17,24
0.04,-0.37,1.23,24
0.07,-0.37,1.09,24
0.07,-0.36,0.93,24
0.07,-0.33,0.81,24
0.05,-0.22,0.98,24
-0.02,0.06,1.63,24
-0.06,0.21,1.95,24
-0.16,0.52,2.47,24
-0.2,0.64,2.62,24
-0.34,0.73,2.3,24
-0.44,0.64,1.65,24
-0.96,0.0,-0.26,24
-1.42,-0.63,-1.17,24
-2.2,-2.47,-2.42,24
-2.16,-3.45,-2.76,24
-1.23,-4.0,-2.72,24
-0.89,-4.0,-2.21,24
-1.84,-2.5,0.2,24
-3.3,-0.89,1.84,24
-4.0,2.11,4.0,24
-2.57,3.33,4.0,24
-1.2,3.55,3.98,24
-1.15,2.69,2.95,24
-2.23,1.56,1.18,24
-3.7,-1.19,-1.77,24
-3.36,-2.67,-2.3,24
-1.21,-4.0,-2.45,24
-0.4,-4.0,-2.24,24
-0.99,-2.83,-0.24,24
-2.13,-1.5,1.19,24
-2.59,0.53,3.49,24
-1.67,1.19,4.0,24
-0.08,2.05,3.96,24
0.03,2.05,3.26,24
-0.39,0.94,1.0,24
-0.5,0.18,0.22,24
-0.36,-1.06,-0.37,24
-0.23,-1.47,-0.42,24
-0.07,-1.8,-0.18,24
-0.04,-1.7,0.09,24
-0.02,-1.07,0.69,24
-0.04,-0.67,0.93,24
-0.07,0.01,1.41,24
-0.03,0.24,1.64,24
0.06,0.42,1.8,24
0.08,0.36,1.64,24
0.04,-0.02,1.03,24
0.02,-0.25,0.79,24
0.01,-0.61,0.59,24
0.01,-0.71,0.6,24
0.02,-0.73,0.76,24
0.05,-0.52,0.92,24
0.07,-0.35,0.94,24
0.07,-0.09,0.95,24
0.06,-0.06,1.0,24
0.03,-0.18,1.16,24
0.02,-0.28,1.21,24
0.03,-0.41,1.07,24
0.04,-0.41,0.94,24
0.06,-0.37,0.74,24
0.07,-0.35,0.72,24
0.07,-0.38,0.86,24
0.06,-0.4,0.97,24
0.05,-0.38,1.1,24
0.04,-0.33,1.09,24
0.05,-0.28,1.0,24
0.06,-0.29,0.95,24
0.06,-0.32,0.9,24
0.06,-0.34,0.91,24
0.05,-0.36,0.99,24
0.06,-0.37,1.02,24
0.06,-0.35,0.98,24
0.07,-0.32,0.93,24
0.08,-0.28,0.84,24
0.08,-0.28,0.84,24
0.07,-0.29,0.93,24
0.07,-0.29,1.02,24
0.08,-0.29,1.08,24
0.09,-0.27,1.01,24
0.09,-0.24,0.84,24
0.09,-0.23,0.82,24
0.08,-0.21,0.97,24
0.07,-0.22,1.06,24
0.07,-0.28,1.1,24
0.08,-0.33,1.0,24
0.08,-0.33,0.94,24
0.1,-0.27,0.87,24
0.1,-0.24,0.89,24
0.09,-0.24,1.01,24
0.08,-0.26,1.06,24
0.07,-0.27,1.05,24
0.07,-0.28,0.99,24
0.08,-0.27,0.87,24
0.08,-0.28,0.84,24
0.07,-0.27,0.88,24
0.07,-0.26,0.96,24
0.06,-0.32,1.01,25
0.06,-0.31,1.03,25
0.06,-0.27,1.04,25
0.06,-0.24,1.06,25
0.05,-0.12,1.2,25
0.05,-0.02,1.3,25
-0.03,0.15,1.62,25
-0.08,0.2,1.84,25
-0.1,0.11,2.18,25
-0.09,-0.0,2.16,25
-0.19,0.01,1.44,25
-0.28,0.12,0.8,25
-0.65,-0.1,-0.76,25
-1.01,-0.77,-1.59,25
-1.56,-3.08,-2.79,25
-1.18,-4.0,-2.8,25
-1.31,-4.0,-2.21,25
-2.81,-1.95,0.3,25
-3.75,-0.45,1.86,25
-4.0,2.2,4.0,25
-3.42,3.16,4.0,25
-1.17,3.6,3.98,25
-0.99,3.18,3.6,25
-1.92,1.48,0.78,25
-2.34,0.46,-0.66,25
-2.23,-1.69,-2.08,25
-1.82,-2.72,-2.34,25
-0.74,-4.0,-2.29,25
-0.44,-4.0,-1.78,25
-1.3,-2.42,0.51,25
-1.89,-1.3,1.71,25
-1.64,0.47,3.43,25
-0.91,1.09,3.9,25
0.17,1.74,3.42,25
0.11,1.54,2.4,25
-0.36,0.28,0.47,25
-0.44,-0.42,-0.04,25
-0.3,-1.43,-0.43,25
-0.21,-1.69,-0.41,25
-0.22,-1.65,0.07,25
-0.26,-1.41,0.5,25
-0.23,-0.73,1.22,25
-0.19,-0.39,1.4,25
-0.11,0.14,1.49,25
-0.09,0.26,1.47,25
-0.07,0.09,1.38,25
-0.09,-0.38,1.12,25
-0.11,-0.55,0.94,25
-0.13,-0.69,0.67,25
-0.14,-0.68,0.62,25
-0.12,-0.57,0.72,25
-0.1,-0.49,0.84,25
-0.06,-0.35,0.98,25
-0.05,-0.32,0.97,25
-0.06,-0.35,0.9,25
-0.07,-0.37,0.89,25
-0.09,-0.42,0.98,25
-0.09,-0.44,1.0,25
-0.09,-0.48,0.93,25
-0.08,-0.49,0.88,25
-0.07,-0.45,0.81,25
-0.07,-0.4,0.82,25
-0.07,-0.37,0.89,25
-0.07,-0.38,0.91,25
-0.07,-0.42,0.89,25
-0.07,-0.44,0.86,25
-0.1,-0.45,0.84,25
-0.11,-0.45,0.89,25
-0.13,-0.44,1.08,25
-0.12,-0.44,1.16,25
-0.08,-0.38,1.1,25
-0.07,-0.36,0.97,25
-0.06,-0.38,0.71,25
-0.06,-0.41,0.67,25
-0.08,-0.46,0.79,25
-0.08,-0.47,0.91,25
-0.07,-0.43,1.07,25
-0.08,-0.39,0.98,25
-0.09,-0.37,0.89,25
-0.11,-0.4,0.8,25
-0.11,-0.43,0.85,25
-0.1,-0.47,1.02,25
-0.08,-0.47,1.07,25
-0.05,-0.4,0.97,25
-0.04,-0.36,0.85,25
-0.05,-0.34,0.69,25
-0.07,-0.37,0.7,25
-0.1,-0.47,0.91,25
-0.1,-0.49,1.05,25
-0.07,-0.43,1.12,25
-0.06,-0.37,1.02,25
-0.07,-0.34,0.78,25
-0.08,-0.37,0.73,25
-0.09,-0.47,0.87,25
-0.09,-0.49,0.99,25
-0.07,-0.44,1.06,25
-0.06,-0.39,1.0,25
-0.07,-0.35,0.82,25
-0.07,-0.37,0.8,25
-0.09,-0.45,0.9,25
0.06,-0.15,0.89,26
0.04,-0.2,0.92,26
0.04,-0.18,1.02,26
0.04,-0.11,1.15,26
0.04,-0.1,1.03,26
0.05,-0.12,0.94,26
0.05,-0.19,0.87,26
0.05,-0.21,0.9,26
0.03,-0.18,1.05,26
0.03,-0.14,1.12,26
0.04,-0.07,1.15,26
0.04,-0.05,1.11,26
0.02,-0.06,1.16,26
-0.03,-0.04,1.33,26
-0.25,0.22,1.97,26
-0.37,0.43,2.41,26
-0.4,0.76,3.1,26
-0.33,0.84,2.89,26
-0.53,0.74,0.96,26
-0.81,0.45,-0.25,26
-1.55,-1.18,-2.08,26
-1.91,-2.59,-2.52,26
-1.3,-4.0,-2.69,26
-0.89,-4.0,-2.47,26
-1.57,-3.04,-0.73,26
-2.86,-1.41,0.74,26
-4.0,2.36,3.64,26
-4.0,3.66,4.0,26
-1.53,4.0,4.0,26
-0.74,3.94,3.89,26
-1.79,1.98,1.62,26
-2.48,0.61,-0.06,26
-2.53,-1.77,-1.89,26
-2.02,-2.81,-2.11,26
-0.75,-4.0,-1.78,26
-0.59,-3.53,-0.05,26
-1.06,-2.49,1.05,26
-1.41,-0.08,2.52,26
-1.0,0.88,2.9,26
0.19,2.02,2.86,26
0.39,2.07,2.27,26
0.01,1.0,0.74,26
-0.16,0.24,0.34,26
-0.17,-0.97,0.36,26
-0.13,-1.35,0.52,26
-0.06,-1.58,0.76,26
-0.05,-1.4,0.85,26
-0.04,-0.59,0.98,26
-0.03,-0.19,1.05,26
0.03,0.28,1.26,26
0.08,0.34,1.32,26
0.1,0.13,1.17,26
0.07,-0.09,1.0,26
0.02,-0.46,0.83,26
0.01,-0.54,0.85,26
0.02,-0.52,0.96,26
0.03,-0.43,0.97,26
0.04,-0.24,0.9,26
0.04,-0.21,0.88,26
0.03,-0.27,0.94,26
0.03,-0.31,1.01,26
0.04,-0.31,1.09,26
0.05,-0.3,1.06,26
0.06,-0.27,0.9,26
0.06,-0.27,0.85,26
0.04,-0.33,0.91,26
0.03,-0.36,0.99,26
0.04,-0.34,1.05,26
0.05,-0.26,0.95,26
0.06,-0.24,0.91,26
0.06,-0.25,0.93,26
0.05,-0.26,0.97,26
0.05,-0.3,1.02,26
0.05,-0.32,1.0,26
0.05,-0.36,0.91,26
0.05,-0.36,0.88,26
0.05,-0.34,0.9,26
0.05,-0.33,0.94,26
0.05,-0.31,1.01,26
0.05,-0.31,1.01,26
0.06,-0.31,0.97,26
0.06,-0.3,0.94,26
0.06,-0.3,0.91,26
0.05,-0.31,0.93,26
0.05,-0.33,0.99,26
0.05,-0.32,1.0,26
0.06,-0.3,0.95,26
0.06,-0.31,0.92,26
0.05,-0.33,0.92,26
0.05,-0.33,0.96,26
0.05,-0.29,1.02,26
0.05,-0.27,1.02,26
0.05,-0.28,0.95,26
0.05,-0.32,0.92,26
0.05,-0.37,0.92,26
0.04,-0.36,0.95,26
0.04,-0.31,0.99,26
0.04,-0.29,0.99,26
0.04,-0.27,0.98,26
0.05,-0.29,0.98,26
0.05,-0.25,1.07,27
0.06,-0.26,0.88,27
0.06,-0.3,0.82,27
0.05,-0.39,0.89,27
0.04,-0.38,0.97,27
0.04,-0.31,1.07,27
0.04,-0.25,1.06,27
0.05,-0.2,0.96,27
0.06,-0.22,0.91,27
0.05,-0.37,0.88,27
0.04,-0.41,0.9,27
0.02,-0.38,1.01,27
0.01,-0.33,1.1,27
-0.01,-0.28,1.29,27
-0.04,-0.23,1.4,27
-0.18,-0.06,1.77,27
-0.24,0.09,2.05,27
-0.2,0.43,2.52,27
-0.14,0.41,2.45,27
-0.19,0.02,1.47,27
-0.29,-0.17,0.84,27
-0.57,-0.47,-0.48,27
-0.84,-0.94,-1.18,27
-1.63,-3.04,-2.37,27
-1.56,-3.96,-2.79,27
-1.05,-4.0,-2.94,27
-1.86,-1.89,-1.37,27
-2.99,-0.14,0.22,27
-4.0,2.57,3.76,27
-4.0,3.27,4.0,27
-2.17,3.72,4.0,27
-1.56,3.16,3.63,27
-2.48,1.57,0.45,27
-3.07,0.59,-1.39,27
-2.87,-1.75,-3.27,27
-2.08,-2.97,-3.54,27
-0.44,-4.0,-3.07,27
-0.28,-3.89,-2.08,27
-1.28,-1.82,0.69,27
-1.99,-0.71,1.96,27
-1.94,0.59,3.94,27
-1.14,0.85,4.0,27
0.06,0.89,3.87,27
-0.1,0.76,3.14,27
-0.85,0.5,1.1,27
-1.03,0.41,0.51,27
-0.71,0.21,-0.23,27
-0.31,0.06,-0.43,27
0.06,-1.08,-0.48,27
0.04,-1.47,-0.77,27
-0.06,-1.99,-1.07,27
0.06,-2.12,-1.05,27
-0.51,-1.7,-0.47,27
-0.97,-1.41,0.02,27
-1.27,-0.87,1.16,27
-1.22,-0.64,1.67,27
-0.8,-0.41,2.24,27
-0.47,-0.3,2.38,27
-0.35,-0.24,2.43,27
-0.25,-0.1,2.32,27
-0.19,-0.07,2.06,27
-0.15,-0.08,1.28,27
-0.14,-0.15,0.91,27
-0.14,-0.32,0.35,27
-0.09,-0.5,0.33,27
-0.02,-0.94,0.59,27
-0.03,-1.09,0.69,27
-0.02,-1.0,0.62,27
0.01,-0.78,0.52,27
0.13,-0.2,0.43,27
0.17,0.02,0.51,27
0.17,0.16,0.83,27
0.14,0.11,1.0,27
0.11,-0.05,1.21,27
0.1,-0.14,1.24,27
0.09,-0.21,1.2,27
0.1,-0.19,1.15,27
0.1,-0.17,1.1,27
0.08,-0.18,1.06,27
0.09,-0.17,0.9,27
0.09,-0.14,0.81,27
0.12,-0.14,0.7,27
0.12,-0.2,0.71,27
0.1,-0.4,0.85,27
0.1,-0.45,0.95,27
0.1,-0.26,1.17,27
0.09,-0.09,1.24,27
0.09,0.06,1.27,27
0.04,-0.14,1.16,27
0.05,-0.29,1.07,27
0.06,-0.36,0.92,27
0.07,-0.24,0.95,27
0.08,0.02,1.14,27
0.08,0.09,1.16,27
0.07,0.08,1.06,27
0.06,-0.0,0.98,27
0.07,-0.19,0.91,27
0.07,-0.23,0.94,27
0.09,-0.14,0.99,27
0.11,-0.05,0.97,27
0.17,0.48,1.66,28
0.13,0.47,1.73,28
0.08,0.47,1.86,28
0.05,0.48,1.93,28
0.0,0.47,1.92,28
-0.03,0.44,1.79,28
-0.11,0.2,1.17,28
-0.13,0.01,0.76,28
-0.13,-0.36,0.03,28
-0.12,-0.55,-0.24,28
-0.12,-1.06,-0.69,28
-0.16,-1.35,-0.85,28
-0.28,-1.74,-1.2,28
-0.32,-1.79,-1.41,28
-0.36,-1.78,-1.82,28
-0.47,-1.8,-1.93,28
-0.99,-1.88,-1.49,28
-1.53,-1.11,0.53,28
-2.91,0.12,2.26,28
-4.0,2.75,4.0,28
-3.35,3.24,4.0,28
-1.1,2.8,3.95,28
-1.16,2.26,3.57,28
-2.23,0.94,0.63,28
-2.58,0.15,-0.89,28
-2.8,-2.12,-2.28,28
-2.52,-3.38,-2.45,28
-0.71,-4.0,-2.55,28
0.12,-3.94,-2.11,28
-1.24,-1.42,0.72,28
-2.73,0.25,2.41,28
-2.91,2.22,4.0,28
-1.42,2.56,4.0,28
-0.11,2.5,3.58,28
-0.82,1.86,2.3,28
-2.07,-0.14,-0.99,28
-1.94,-1.24,-1.89,28
-0.33,-3.02,-2.4,28
0.42,-3.26,-2.03,28
0.12,-1.89,0.21,28
-0.48,-0.9,1.51,28
-0.52,0.52,3.08,28
-0.1,0.98,3.15,28
0.27,1.22,2.03,28
0.22,0.89,1.28,28
0.13,-0.07,0.51,28
0.14,-0.43,0.43,28
0.2,-0.71,0.38,28
0.2,-0.56,0.37,28
0.17,-0.47,0.49,28
0.09,-0.32,1.36,28
0.07,-0.19,1.91,28
0.12,0.25,2.26,28
0.17,0.45,1.91,28
0.19,0.38,0.87,28
0.2,0.15,0.53,28
0.2,-0.32,0.34,28
0.19,-0.5,0.4,28
0.18,-0.65,0.71,28
0.17,-0.59,0.89,28
0.18,-0.26,1.12,28
0.2,-0.07,1.14,28
0.22,0.18,1.13,28
0.23,0.2,1.11,28
0.21,0.0,1.06,28
0.2,-0.15,1.01,28
0.19,-0.33,0.95,28
0.19,-0.33,0.92,28
0.2,-0.23,0.87,28
0.21,-0.18,0.87,28
0.21,-0.16,0.91,28
0.21,-0.16,0.95,28
0.21,-0.12,0.99,28
0.21,-0.1,1.01,28
0.2,-0.11,1.07,28
0.19,-0.13,1.1,28
0.19,-0.16,1.05,28
0.2,-0.16,0.98,28
0.21,-0.17,0.85,28
0.2,-0.18,0.89,28
0.2,-0.17,0.94,28
0.18,-0.16,1.05,28
0.18,-0.17,1.09,28
0.18,-0.16,1.09,28
0.18,-0.15,1.04,28
0.19,-0.15,0.93,28
0.19,-0.16,0.91,28
0.19,-0.16,0.97,28
0.19,-0.16,1.01,28
0.2,-0.14,1.04,28
0.2,-0.13,1.01,28
0.2,-0.19,0.91,28
0.19,-0.22,0.89,28
0.19,-0.24,0.89,28
0.19,-0.24,0.9,28
0.19,-0.2,0.98,28
0.19,-0.14,1.03,28
0.19,-0.03,1.1,28
0.19,-0.03,1.07,28
0.19,-0.17,0.95,28
-0.03,0.34,2.14,29
-0.09,0.38,1.36,29
-0.16,0.26,0.77,29
-0.32,-0.39,-0.41,29
-0.42,-0.96,-0.84,29
-0.53,-2.33,-1.3,29
-0.28,-3.46,-1.47,29
-0.23,-3.66,-1.45,29
-0.85,-2.87,-0.28,29
-1.39,-1.96,0.82,29
-2.3,0.1,2.8,29
-2.39,1.39,3.4,29
-1.58,3.79,4.0,29
-0.96,4.0,4.0,29
-0.59,3.69,2.82,29
-0.8,2.77,1.8,29
-1.12,0.48,0.29,29
-1.15,-0.54,-0.07,29
-0.86,-2.33,-0.35,29
-0.6,-3.04,-0.38,29
-0.29,-3.53,-0.27,29
-0.27,-3.13,-0.22,29
-0.35,-1.42,-0.05,29
-0.36,-0.61,0.25,29
-0.62,0.47,1.55,29
-0.83,0.91,2.48,29
-0.63,1.73,4.0,29
-0.29,2.0,4.0,29
-0.25,1.71,2.46,29
-0.43,1.17,1.28,29
-0.48,-0.06,-0.12,29
-0.36,-0.65,-0.37,29
-0.11,-1.65,-0.48,29
-0.03,-1.96,-0.43,29
0.01,-1.98,-0.2,29
-0.0,-1.62,0.03,29
-0.08,-0.56,0.87,29
-0.2,0.3,1.99,29
-0.16,0.6,2.45,29
0.07,0.97,2.56,29
0.11,0.98,2.09,29
0.06,0.43,0.9,29
0.03,0.02,0.56,29
0.06,-0.65,0.42,29
0.09,-0.84,0.47,29
0.14,-0.92,0.63,29
0.14,-0.79,0.7,29
0.17,-0.35,0.81,29
0.18,-0.13,0.9,29
0.17,0.11,1.16,29
0.17,0.13,1.29,29
0.18,0.04,1.36,29
0.19,-0.04,1.25,29
0.17,-0.23,0.9,29
0.16,-0.31,0.78,29
0.13,-0.42,0.74,29
0.12,-0.42,0.79,29
0.12,-0.36,0.95,29
0.13,-0.31,1.02,29
0.16,-0.19,1.04,29
0.18,-0.15,1.01,29
0.2,-0.13,0.96,29
0.2,-0.15,0.95,29
0.19,-0.25,0.96,29
0.18,-0.27,0.96,29
0.17,-0.25,0.93,29
0.16,-0.23,0.94,29
0.15,-0.22,1.01,29
0.15,-0.25,1.03,29
0.15,-0.25,1.0,29
0.17,-0.21,0.92,29
0.18,-0.18,0.93,29
0.18,-0.19,1.02,29
0.17,-0.23,1.05,29
0.16,-0.28,1.01,29
0.16,-0.27,0.96,29
0.17,-0.18,0.92,29
0.17,-0.14,0.94,29
0.17,-0.13,1.03,29
0.16,-0.17,1.06,29
0.15,-0.26,1.08,29
0.15,-0.27,1.05,29
0.17,-0.23,0.93,29
0.18,-0.2,0.87,29
0.19,-0.18,0.84,29
0.19,-0.2,0.87,29
0.18,-0.25,0.95,29
0.18,-0.26,0.99,29
0.17,-0.29,1.02,29
0.17,-0.31,0.98,29
0.18,-0.27,0.86,29
0.18,-0.24,0.84,29
0.18,-0.15,0.96,29
0.17,-0.14,1.05,29
0.16,-0.19,1.13,29
0.16,-0.23,1.08,29
0.17,-0.29,0.93,29
0.18,-0.29,0.88,29
0.18,-0.24,0.88,29
0.17,-0.17,1.01,29
0.24,-0.3,1.18,30
0.21,-0.07,1.51,30
0.19,0.04,1.58,30
0.19,0.03,1.21,30
0.18,-0.17,0.86,30
0.17,-0.71,0.43,30
0.18,-0.85,0.38,30
0.25,-0.7,0.56,30
0.28,-0.46,0.74,30
0.33,-0.11,1.27,30
0.31,-0.09,1.51,30
0.23,-0.31,1.56,30
0.11,-0.44,1.29,30
-0.1,-0.77,0.15,30
-0.35,-1.21,-0.58,30
-1.33,-3.0,-1.66,30
-1.51,-3.89,-1.82,30
-0.74,-3.83,-1.05,30
-0.47,-2.57,-0.22,30
-2.5,1.41,1.99,30
-3.86,3.14,3.33,30
-2.47,4.0,4.0,30
-1.1,4.0,4.0,30
-0.95,3.36,2.85,30
-1.61,2.21,1.11,30
-2.36,-0.85,-1.75,30
-2.19,-2.36,-2.26,30
-0.81,-4.0,-2.07,30
-0.14,-3.74,-1.09,30
-0.22,-2.69,-0.52,30
-1.14,-0.11,1.16,30
-1.81,0.77,2.35,30
-1.81,1.9,4.0,30
-1.2,2.25,4.0,30
-0.41,2.13,3.88,30
-0.62,1.71,3.25,30
-1.13,0.49,0.86,30
-1.13,-0.12,-0.09,30
-0.89,-1.36,-1.17,30
-0.68,-2.01,-1.46,30
-0.21,-2.85,-1.65,30
-0.04,-2.82,-1.49,30
0.02,-1.69,-0.48,30
-0.09,-0.93,0.2,30
-0.72,0.17,1.81,30
-0.83,0.47,2.67,30
-0.2,0.87,3.59,30
0.02,1.0,3.3,30
-0.04,0.71,1.75,30
-0.1,0.31,1.11,30
-0.07,-0.45,0.61,30
-0.02,-0.69,0.52,30
0.08,-0.89,0.34,30
0.11,-0.91,0.29,30
0.14,-0.79,0.41,30
0.14,-0.62,0.61,30
0.14,-0.21,1.11,30
0.15,-0.04,1.29,30
0.17,0.15,1.41,30
0.17,0.1,1.22,30
0.15,-0.02,1.07,30
0.12,-0.33,0.93,30
0.11,-0.43,0.94,30
0.12,-0.47,0.94,30
0.13,-0.42,0.87,30
0.16,-0.29,0.72,30
0.17,-0.25,0.72,30
0.17,-0.18,0.98,30
0.17,-0.17,1.14,30
0.16,-0.17,1.27,30
0.15,-0.18,1.2,30
0.16,-0.21,0.93,30
0.17,-0.24,0.83,30
0.18,-0.29,0.77,30
0.18,-0.29,0.78,30
0.18,-0.29,0.82,30
0.17,-0.28,0.83,30
0.16,-0.26,0.85,30
0.16,-0.25,0.91,30
0.14,-0.23,1.21,30
0.14,-0.18,1.35,30
0.16,-0.03,1.33,30
0.17,-0.0,1.13,30
0.18,-0.11,0.72,30
0.17,-0.23,0.65,30
0.13,-0.44,0.89,30
0.12,-0.45,1.08,30
0.14,-0.29,1.27,30
0.16,-0.18,1.21,30
0.19,-0.1,0.91,30
0.2,-0.2,0.73,30
0.19,-0.26,0.75,30
0.17,-0.3,0.95,30
0.17,-0.27,1.06,30
0.18,-0.15,1.1,30
0.19,-0.12,1.04,30
0.19,-0.17,0.9,30
0.19,-0.21,0.89,30
0.2,-0.24,0.98,30
0.2,-0.23,1.03,30
0.15,0.05,1.19,31
0.14,0.15,1.31,31
0.07,0.48,1.75,31
0.02,0.72,1.99,31
-0.07,0.99,2.29,31
-0.13,0.86,2.17,31
-0.37,0.33,1.04,31
-0.49,0.06,0.3,31
-0.86,-0.83,-0.8,31
-1.11,-1.66,-1.04,31
-1.22,-3.74,-1.0,31
-0.97,-4.0,-0.85,31
-0.99,-3.73,-0.47,31
-1.25,-2.78,-0.23,31
-1.89,-0.03,0.4,31
-2.53,1.59,0.97,31
-2.83,4.0,3.24,31
-0.65,4.0,4.0,31
-0.22,3.88,3.97,31
-1.6,1.86,1.71,31
-2.36,0.39,0.53,31
-2.83,-2.26,-0.43,31
-2.48,-3.39,-0.53,31
-1.11,-4.0,-0.66,31
-0.65,-4.0,-0.69,31
-0.76,-2.67,-0.22,31
-0.95,-1.38,0.25,31
-1.13,0.86,1.19,31
-0.97,1.68,1.64,31
-0.21,2.73,2.47,31
0.07,2.81,2.75,31
0.01,1.71,2.53,31
-0.22,0.82,2.0,31
-0.5,-0.69,0.98,31
-0.48,-1.22,0.66,31
-0.26,-1.88,0.26,31
-0.14,-1.95,0.15,31
0.0,-1.33,0.19,31
0.03,-0.79,0.41,31
0.07,0.02,0.98,31
0.11,0.21,1.2,31
0.16,0.31,1.41,31
0.16,0.26,1.4,31
0.12,-0.04,1.22,31
0.11,-0.21,1.09,31
0.1,-0.42,0.89,31
0.1,-0.46,0.83,31
0.11,-0.45,0.76,31
0.12,-0.37,0.75,31
0.12,-0.31,0.81,31
0.13,-0.19,1.06,31
0.13,-0.16,1.17,31
0.13,-0.16,1.18,31
0.13,-0.2,1.08,31
0.13,-0.31,0.84,31
0.12,-0.36,0.79,31
0.12,-0.38,0.84,31
0.12,-0.35,0.92,31
0.12,-0.26,1.08,31
0.13,-0.22,1.08,31
0.14,-0.2,0.95,31
0.14,-0.23,0.89,31
0.12,-0.3,0.91,31
0.12,-0.31,0.97,31
0.12,-0.28,1.06,31
0.12,-0.26,1.04,31
0.13,-0.25,0.91,31
0.14,-0.26,0.86,31
0.13,-0.28,0.89,31
0.12,-0.28,0.95,31
0.11,-0.29,1.06,31
0.11,-0.29,1.07,31
0.11,-0.28,0.99,31
0.12,-0.27,0.94,31
0.13,-0.27,0.92,31
0.13,-0.26,0.93,31
0.13,-0.27,0.97,31
0.13,-0.27,0.99,31
0.12,-0.29,1.01,31
0.12,-0.29,0.99,31
0.12,-0.27,0.93,31
0.12,-0.27,0.91,31
0.12,-0.28,0.93,31
0.12,-0.3,0.99,31
0.12,-0.3,0.99,31
0.12,-0.29,0.97,31
0.12,-0.28,0.95,31
0.12,-0.26,0.92,31
0.12,-0.25,0.92,31
0.12,-0.26,0.94,31
0.12,-0.27,0.95,31
0.12,-0.32,0.96,31
0.12,-0.34,0.96,31
0.12,-0.3,0.95,31
0.12,-0.23,0.97,31
0.12,-0.11,1.05,31
0.11,-0.13,1.08,31
0.1,-0.29,1.04,31
0.11,-0.35,0.99,31
0.12,-0.33,0.93,31
0.13,-0.24,0.9,32
0.13,-0.25,0.85,32
0.13,-0.26,0.85,32
0.13,-0.29,0.96,32
0.13,-0.3,1.03,32
0.13,-0.26,1.04,32
0.13,-0.24,0.98,32
0.13,-0.22,0.9,32
0.13,-0.25,0.94,32
0.12,-0.27,0.99,32
0.11,-0.27,1.08,32
0.11,-0.22,1.14,32
0.11,-0.01,1.34,32
0.1,0.1,1.49,32
0.09,0.55,1.74,32
0.07,0.82,1.75,32
0.02,0.88,1.27,32
-0.06,0.54,0.84,32
-0.31,-0.56,0.14,32
-0.47,-1.19,-0.07,32
-0.79,-2.79,-0.24,32
-0.78,-3.6,-0.21,32
-0.63,-4.0,-0.06,32
-0.78,-3.29,-0.01,32
-1.27,-1.06,0.27,32
-1.54,-0.14,0.66,32
-2.78,2.38,2.16,32
-2.75,3.7,3.18,32
-0.86,4.0,4.0,32
-0.3,4.0,3.87,32
-1.37,2.13,1.37,32
-2.29,0.4,0.19,32
-3.01,-3.01,-0.67,32
-2.37,-4.0,-0.68,32
-0.72,-4.0,-0.56,32
-0.57,-3.86,-0.36,32
-1.31,-1.48,0.41,32
-1.71,0.2,0.85,32
-1.41,2.52,2.0,32
-0.27,3.42,3.12,32
0.01,3.22,3.22,32
-0.39,1.46,2.04,32
-0.69,0.4,1.35,32
-0.77,-1.27,0.66,32
-0.58,-1.84,0.52,32
-0.17,-2.29,0.3,32
-0.07,-2.08,0.21,32
-0.01,-0.97,0.29,32
-0.0,-0.4,0.5,32
0.03,0.26,1.01,32
0.06,0.37,1.23,32
0.07,0.32,1.45,32
0.06,0.18,1.43,32
0.01,-0.18,1.16,32
-0.01,-0.31,1.03,32
-0.0,-0.4,0.98,32
0.01,-0.4,1.02,32
0.04,-0.34,0.98,32
0.06,-0.3,0.89,32
0.08,-0.2,0.77,32
0.08,-0.17,0.79,32
0.06,-0.23,1.0,32
0.05,-0.29,1.09,32
0.04,-0.35,1.08,32
0.04,-0.34,1.01,32
0.04,-0.25,0.88,32
0.04,-0.2,0.88,32
0.04,-0.17,1.02,32
0.05,-0.2,1.09,32
0.05,-0.28,1.05,32
0.05,-0.32,0.89,32
0.05,-0.3,0.87,32
0.05,-0.27,0.96,32
0.06,-0.27,1.01,32
0.06,-0.3,0.97,32
0.06,-0.3,0.91,32
0.05,-0.29,0.88,32
0.05,-0.29,0.91,32
0.05,-0.3,1.01,32
0.05,-0.3,1.03,32
0.05,-0.27,0.99,32
0.05,-0.25,0.96,32
0.05,-0.26,0.94,32
0.04,-0.28,0.95,32
0.04,-0.31,1.0,32
0.04,-0.3,1.02,32
0.05,-0.27,1.01,32
0.06,-0.27,0.98,32
0.06,-0.28,0.93,32
0.06,-0.31,0.91,32
0.05,-0.35,0.93,32
0.04,-0.35,0.95,32
0.04,-0.28,1.01,32
0.05,-0.22,1.04,32
0.07,-0.13,1.02,32
0.08,-0.12,0.97,32
0.07,-0.18,0.87,32
0.07,-0.24,0.86,32
0.05,-0.34,0.92,32
0.04,-0.34,0.98,32
0.07,-0.24,0.86,33
0.06,-0.25,0.92,33
0.06,-0.25,1.0,33
0.06,-0.22,1.09,33
0.07,-0.21,1.07,33
0.07,-0.21,0.94,33
0.07,-0.22,0.9,33
0.07,-0.25,0.9,33
0.06,-0.25,0.94,33
0.06,-0.23,1.05,33
0.06,-0.22,1.09,33
0.04,-0.21,1.14,33
0.03,-0.19,1.2,33
0.02,0.0,1.41,33
0.0,0.2,1.56,33
-0.07,0.76,1.89,33
-0.08,1.06,1.96,33
-0.05,1.11,1.49,33
-0.14,0.74,0.93,33
-0.49,-0.37,-0.18,33
-0.72,-1.12,-0.57,33
-1.28,-3.23,-0.78,33
-1.3,-4.0,-0.62,33
-1.1,-4.0,-0.2,33
-1.32,-3.6,-0.1,33
-2.26,-0.99,0.19,33
-3.09,0.88,0.59,33
-4.0,4.0,2.74,33
-1.54,4.0,4.0,33
-0.61,3.99,4.0,33
-2.23,2.46,2.11,33
-3.16,0.9,0.51,33
-3.25,-2.14,-1.23,33
-2.64,-3.4,-1.34,33
-1.14,-4.0,-1.16,33
-0.74,-4.0,-1.01,33
-1.0,-2.95,-0.29,33
-1.25,-1.69,0.24,33
-1.71,0.87,1.35,33
-1.68,1.87,2.09,33
-0.66,3.14,3.68,33
-0.08,3.23,3.95,33
-0.14,1.95,2.37,33
-0.48,0.92,1.23,33
-0.73,-0.86,0.1,33
-0.62,-1.58,-0.01,33
-0.27,-2.48,0.09,33
-0.15,-2.44,0.24,33
-0.12,-1.27,0.74,33
-0.12,-0.55,0.96,33
0.0,0.37,1.19,33
0.07,0.57,1.25,33
0.11,0.58,1.31,33
0.08,0.42,1.33,33
0.04,-0.09,1.28,33
0.03,-0.3,1.18,33
0.04,-0.53,0.89,33
0.05,-0.55,0.76,33
0.06,-0.45,0.66,33
0.06,-0.33,0.74,33
0.06,-0.13,1.1,33
0.07,-0.08,1.28,33
0.08,-0.12,1.2,33
0.07,-0.24,0.86,33
0.07,-0.29,0.77,33
0.06,-0.31,0.86,33
0.06,-0.3,0.98,33
0.06,-0.28,1.08,33
0.06,-0.28,1.03,33
0.06,-0.28,0.89,33
0.06,-0.27,0.87,33
0.06,-0.22,0.96,33
0.06,-0.22,1.02,33
0.06,-0.25,1.04,33
0.06,-0.27,1.0,33
0.05,-0.29,0.94,33
0.05,-0.29,0.96,33
0.06,-0.24,1.04,33
0.07,-0.22,1.04,33
0.07,-0.22,0.93,33
0.08,-0.25,0.87,33
0.07,-0.3,0.85,33
0.06,-0.3,0.9,33
0.05,-0.27,1.04,33
0.05,-0.26,1.1,33
0.05,-0.23,1.08,33
0.06,-0.23,1.0,33
0.06,-0.26,0.85,33
0.06,-0.29,0.84,33
0.05,-0.27,0.96,33
0.05,-0.24,1.04,33
0.06,-0.21,1.1,33
0.06,-0.23,0.99,33
0.06,-0.25,0.91,33
0.06,-0.29,0.86,33
0.06,-0.29,0.89,33
0.06,-0.2,1.02,33
0.06,-0.18,1.08,33
0.05,-0.22,1.09,33
0.05,-0.25,1.04,33
0.07,-0.25,0.94,34
0.07,-0.27,0.9,34
0.06,-0.27,0.89,34
0.06,-0.27,0.93,34
0.05,-0.26,1.02,34
0.05,-0.25,1.05,34
0.06,-0.24,1.04,34
0.06,-0.24,1.01,34
0.07,-0.28,0.91,34
0.07,-0.32,0.87,34
0.06,-0.37,0.86,34
0.05,-0.36,0.89,34
0.05,-0.21,1.02,34
0.05,-0.1,1.09,34
0.04,0.19,1.26,34
0.0,0.39,1.37,34
-0.06,0.82,1.64,34
-0.03,0.97,1.74,34
0.0,0.92,1.58,34
-0.22,0.21,0.82,34
-0.44,-0.39,0.38,34
-1.23,-2.4,-0.17,34
-1.44,-3.53,-0.21,34
-1.05,-4.0,-0.24,34
-1.01,-3.99,-0.32,34
-1.75,-1.79,-0.31,34
-2.48,0.12,-0.08,34
-3.55,3.54,1.5,34
-3.06,4.0,2.92,34
-0.98,4.0,4.0,34
-0.67,3.66,4.0,34
-2.0,1.19,2.14,34
-2.64,-0.25,0.78,34
-2.82,-2.82,-0.66,34
-2.3,-3.82,-0.86,34
-0.97,-4.0,-1.09,34
-0.79,-3.98,-1.14,34
-1.2,-2.15,-0.71,34
-1.62,-0.49,-0.24,34
-2.5,2.49,1.34,34
-2.22,3.44,2.62,34
-0.37,3.89,4.0,34
0.01,3.26,4.0,34
-0.9,0.98,2.11,34
-1.29,-0.03,1.04,34
-1.18,-1.44,0.05,34
-0.88,-1.97,-0.1,34
-0.31,-2.55,-0.21,34
-0.16,-2.48,-0.19,34
-0.1,-1.5,0.15,34
-0.09,-0.33,0.68,34
-0.06,0.07,0.91,34
0.02,0.52,1.36,34
0.05,0.6,1.53,34
0.06,0.47,1.56,34
0.03,0.29,1.41,34
-0.06,-0.22,1.07,34
-0.09,-0.45,1.03,34
-0.08,-0.71,1.09,34
-0.05,-0.71,1.07,34
0.01,-0.47,0.84,34
0.04,-0.3,0.72,34
0.06,-0.05,0.66,34
0.05,-0.05,0.75,34
0.0,-0.24,1.07,34
-0.01,-0.36,1.18,34
-0.02,-0.44,1.16,34
-0.01,-0.39,1.06,34
-0.0,-0.22,0.92,34
0.0,-0.18,0.92,34
-0.01,-0.25,1.02,34
-0.02,-0.34,1.09,34
-0.02,-0.43,1.17,34
0.01,-0.37,1.12,34
0.05,-0.17,0.88,34
0.06,-0.13,0.77,34
0.05,-0.23,0.74,34
0.04,-0.31,0.81,34
0.03,-0.4,1.0,34
0.03,-0.37,1.06,34
0.05,-0.24,1.0,34
0.04,-0.2,0.89,34
0.03,-0.24,0.91,34
0.02,-0.33,1.06,34
0.01,-0.35,1.11,34
0.03,-0.32,1.04,34
0.04,-0.28,0.95,34
0.06,-0.24,0.8,34
0.06,-0.26,0.77,34
0.04,-0.32,0.84,34
0.03,-0.34,0.94,34
0.01,-0.37,1.15,34
0.02,-0.37,1.18,34
0.04,-0.27,1.03,34
0.06,-0.2,0.93,34
0.07,-0.13,0.84,34
0.07,-0.16,0.86,34
0.04,-0.3,0.98,34
0.03,-0.36,1.03,34
0.02,-0.37,1.05,34
0.08,-0.11,0.96,35
0.07,-0.15,0.96,35
0.06,-0.17,1.0,35
0.07,-0.15,1.06,35
0.07,-0.13,1.05,35
0.07,-0.09,1.02,35
0.08,-0.07,1.03,35
0.09,-0.07,1.1,35
0.07,-0.03,1.15,35
0.06,0.07,1.19,35
0.02,0.5,1.37,35
-0.01,0.75,1.47,35
-0.03,0.96,1.61,35
-0.05,0.85,1.59,35
-0.11,0.34,1.11,35
-0.14,0.05,0.66,35
-0.52,-0.83,-0.34,35
-0.93,-1.72,-0.73,35
-1.42,-3.93,-0.69,35
-1.34,-4.0,-0.3,35
-1.6,-3.83,0.46,35
-2.08,-2.88,0.61,35
-3.71,1.11,0.89,35
-4.0,3.18,1.5,35
-2.98,4.0,3.78,35
-1.44,4.0,4.0,35
-0.91,3.58,3.12,35
-2.06,2.35,1.57,35
-4.0,-1.67,-0.63,35
-4.0,-3.38,-0.89,35
-2.03,-4.0,-0.88,35
-1.04,-4.0,-0.75,35
-1.18,-2.97,0.16,35
-1.88,-1.24,0.78,35
-2.19,2.3,2.08,35
-1.38,3.44,2.76,35
0.29,4.0,3.09,35
0.28,3.29,2.37,35
-0.61,0.6,0.78,35
-0.81,-0.54,0.48,35
-0.54,-1.98,0.43,35
-0.17,-2.37,0.49,35
-0.09,-2.08,0.54,35
-0.06,-0.88,0.71,35
-0.03,-0.31,0.81,35
0.03,0.37,1.06,35
0.05,0.51,1.21,35
0.08,0.44,1.38,35
0.07,0.25,1.34,35
0.02,-0.27,1.04,35
0.0,-0.47,0.92,35
0.01,-0.63,0.84,35
0.03,-0.6,0.85,35
0.06,-0.38,0.87,35
0.07,-0.25,0.87,35
0.06,-0.13,0.92,35
0.04,-0.12,0.99,35
0.02,-0.17,1.17,35
0.02,-0.21,1.18,35
0.02,-0.23,0.99,35
0.02,-0.23,0.88,35
0.03,-0.17,0.86,35
0.03,-0.14,0.96,35
0.04,-0.19,1.18,35
0.04,-0.27,1.18,35
0.05,-0.38,0.94,35
0.06,-0.36,0.81,35
0.05,-0.25,0.76,35
0.04,-0.2,0.84,35
0.02,-0.17,1.07,35
0.02,-0.2,1.14,35
0.02,-0.25,1.08,35
0.03,-0.26,0.96,35
0.04,-0.25,0.94,35
0.05,-0.25,0.97,35
0.05,-0.24,0.99,35
0.05,-0.21,1.0,35
0.05,-0.19,1.0,35
0.05,-0.17,0.97,35
0.05,-0.18,0.96,35
0.05,-0.22,0.96,35
0.05,-0.23,0.97,35
0.04,-0.23,1.01,35
0.05,-0.22,1.03,35
0.05,-0.21,1.02,35
0.06,-0.22,0.97,35
0.06,-0.23,0.91,35
0.06,-0.22,0.92,35
0.05,-0.19,0.99,35
0.05,-0.18,1.01,35
0.03,-0.2,1.03,35
0.03,-0.21,1.03,35
0.03,-0.22,1.03,35
0.04,-0.21,1.0,35
0.05,-0.21,0.93,35
0.06,-0.21,0.9,35
0.06,-0.22,0.92,35
0.06,-0.23,0.95,35
0.05,-0.21,1.01,35
0.05,-0.2,1.04,35
0.06,-0.2,0.91,36
0.06,-0.22,0.89,36
0.06,-0.22,0.95,36
0.05,-0.19,1.1,36
0.05,-0.15,1.13,36
0.06,-0.1,1.06,36
0.06,-0.1,1.0,36
0.07,-0.18,0.91,36
0.07,-0.23,0.89,36
0.06,-0.28,0.9,36
0.05,-0.24,0.95,36
0.02,-0.08,1.18,36
-0.01,0.03,1.3,36
-0.06,0.39,1.43,36
-0.05,0.6,1.44,36
-0.03,0.7,1.46,36
-0.04,0.54,1.4,36
-0.06,0.0,1.1,36
-0.08,-0.28,0.89,36
-0.18,-0.84,0.29,36
-0.29,-1.33,-0.06,36
-0.7,-3.1,-0.36,36
-0.85,-3.92,-0.32,36
-1.24,-4.0,-0.21,36
-1.68,-3.6,-0.13,36
-3.53,0.26,0.45,36
-4.0,2.74,1.24,36
-3.55,4.0,3.78,36
-2.25,4.0,4.0,36
-1.29,3.73,3.52,36
-3.3,1.02,0.61,36
-3.96,-0.91,-0.54,36
-3.49,-3.88,-1.28,36
-2.38,-4.0,-1.28,36
-0.61,-4.0,-0.92,36
-0.71,-3.65,-0.35,36
-1.97,-0.82,1.06,36
-2.36,0.88,1.71,36
-1.42,3.23,3.13,36
-0.53,3.82,3.65,36
0.08,3.25,2.94,36
-0.26,2.07,1.89,36
-0.83,-0.35,0.51,36
-0.79,-1.19,0.28,36
-0.34,-2.19,0.08,36
-0.14,-2.37,-0.0,36
0.01,-1.96,-0.06,36
-0.01,-1.46,0.11,36
-0.07,-0.49,0.87,36
-0.07,-0.13,1.24,36
0.0,0.43,1.66,36
0.06,0.6,1.67,36
0.11,0.62,1.32,36
0.09,0.44,1.08,36
0.06,-0.06,0.86,36
0.05,-0.28,0.89,36
0.06,-0.57,0.92,36
0.07,-0.61,0.88,36
0.08,-0.51,0.77,36
0.08,-0.39,0.75,36
0.07,-0.21,0.89,36
0.05,-0.16,1.2,36
0.05,-0.13,1.32,36
0.08,-0.07,1.28,36
0.08,-0.08,1.12,36
0.07,-0.2,0.82,36
0.06,-0.28,0.76,36
0.04,-0.4,0.81,36
0.03,-0.4,0.92,36
0.02,-0.3,1.13,36
0.03,-0.23,1.16,36
0.04,-0.15,1.03,36
0.04,-0.16,0.95,36
0.05,-0.26,0.93,36
0.06,-0.29,0.97,36
0.07,-0.29,1.01,36
0.08,-0.26,1.01,36
0.09,-0.21,0.96,36
0.09,-0.2,0.93,36
0.09,-0.2,0.95,36
0.09,-0.22,0.98,36
0.08,-0.28,0.98,36
0.08,-0.3,0.94,36
0.06,-0.3,0.91,36
0.04,-0.29,0.93,36
0.03,-0.24,1.05,36
0.04,-0.22,1.1,36
0.05,-0.18,1.04,36
0.06,-0.19,0.96,36
0.05,-0.27,0.88,36
0.05,-0.3,0.91,36
0.07,-0.3,1.03,36
0.08,-0.26,1.05,36
0.08,-0.21,0.98,36
0.08,-0.22,0.95,36
0.08,-0.22,0.95,36
0.06,-0.24,0.96,36
0.06,-0.25,0.97,36
0.05,-0.26,1.04,36
0.05,-0.25,1.07,36
0.03,-0.1,1.16,37
0.05,-0.01,1.16,37
0.07,0.06,1.13,37
0.08,0.04,1.12,37
0.06,0.15,1.18,37
0.04,0.27,1.27,37
0.02,0.3,1.34,37
0.01,0.05,1.2,37
-0.15,-0.92,0.74,37
-0.27,-1.46,0.45,37
-0.64,-2.39,-0.24,37
-0.72,-2.8,-0.54,37
-0.55,-3.38,-0.86,37
-0.52,-3.29,-0.91,37
-1.02,-1.96,-0.41,37
-1.85,-0.72,0.34,37
-3.92,2.47,2.74,37
-3.72,3.66,3.87,37
-1.51,4.0,4.0,37
-1.09,3.82,3.99,37
-1.92,1.93,2.11,37
-2.54,-0.07,-0.51,37
-2.65,-1.07,-1.19,37
-2.65,-3.37,-1.51,37
-2.36,-4.0,-1.39,37
-1.39,-4.0,-1.04,37
-1.24,-3.99,-0.8,37
-1.85,-2.81,0.12,37
-2.36,-1.37,0.64,37
-3.55,1.82,1.63,37
-3.51,3.18,2.32,37
-1.55,4.0,3.91,37
-0.59,4.0,4.0,37
-0.81,2.6,2.97,37
-1.39,1.18,1.89,37
-1.73,-1.19,0.56,37
-1.48,-2.02,0.29,37
-0.67,-3.11,-0.1,37
-0.33,-3.24,-0.28,37
-0.06,-2.34,-0.36,37
-0.08,-1.49,-0.1,37
-0.17,-0.09,0.79,37
-0.17,0.35,1.23,37
-0.02,0.91,1.88,37
0.08,1.04,2.04,37
0.13,0.87,1.87,37
0.09,0.55,1.55,37
0.05,-0.16,0.82,37
0.08,-0.44,0.56,37
0.21,-0.69,0.38,37
0.28,-0.65,0.47,37
0.3,-0.29,0.96,37
0.29,0.23,1.29,37
0.3,0.42,1.23,37
0.32,0.48,0.79,37
0.33,0.39,0.56,37
0.35,0.2,0.42,37
0.35,0.15,0.56,37
0.31,0.09,1.05,37
0.29,0.05,1.2,37
0.27,-0.03,1.2,37
0.28,0.0,1.09,37
0.31,0.19,1.0,37
0.3,0.26,1.05,37
0.28,0.21,1.08,37
0.28,0.12,1.02,37
0.27,-0.04,0.84,37
0.27,-0.07,0.81,37
0.29,0.01,0.9,37
0.29,0.07,0.98,37
0.27,0.05,1.0,37
0.27,-0.01,0.91,37
0.27,-0.07,0.81,37
0.27,-0.03,0.88,37
0.26,0.16,1.22,37
0.25,0.24,1.36,37
0.24,0.23,1.31,37
0.24,0.16,1.13,37
0.25,0.02,0.76,37
0.25,-0.04,0.67,37
0.26,-0.07,0.76,37
0.27,-0.02,0.92,37
0.27,0.15,1.18,37
0.26,0.19,1.12,37
0.26,0.14,1.02,37
0.25,0.01,0.86,37
0.25,-0.02,0.86,37
0.26,0.05,0.96,37
0.26,0.1,1.0,37
0.26,0.09,0.98,37
0.26,0.04,0.95,37
0.25,-0.02,0.92,37
0.25,0.0,0.92,37
0.24,0.07,0.95,37
0.24,0.05,0.97,37
0.23,-0.04,1.01,37
0.23,-0.06,1.03,37
0.23,0.03,1.08,37
0.23,0.1,1.11,37
0.23,0.17,1.05,37
0.17,0.02,0.99,38
0.18,0.09,1.13,38
0.18,0.14,1.2,38
0.19,0.22,1.22,38
0.2,0.23,1.22,38
0.18,0.22,1.25,38
0.18,0.19,1.22,38
0.22,0.29,1.15,38
0.23,0.41,1.25,38
0.14,0.74,1.54,38
0.06,0.91,1.51,38
-0.01,0.73,1.28,38
-0.22,0.02,0.39,38
-0.34,-0.42,-0.09,38
-0.68,-1.72,-0.56,38
-0.84,-2.69,-0.41,38
-0.78,-4.0,0.24,38
-0.81,-4.0,0.47,38
-1.39,-2.93,0.51,38
-1.73,-1.6,0.48,38
-3.19,1.8,1.04,38
-3.81,3.43,1.85,38
-2.07,4.0,3.98,38
-0.71,4.0,4.0,38
-0.83,3.18,2.9,38
-1.67,1.84,1.52,38
-2.59,-1.18,-0.09,38
-2.57,-2.51,-0.17,38
-1.47,-4.0,0.02,38
-0.77,-4.0,-0.01,38
-0.52,-3.5,-0.19,38
-0.67,-2.46,-0.1,38
-1.09,-0.11,0.7,38
-1.39,0.83,1.26,38
-1.38,2.56,2.29,38
-0.98,3.25,2.78,38
-0.15,3.62,3.24,38
-0.17,3.03,2.84,38
-0.85,0.86,1.33,38
-1.09,-0.15,0.8,38
-0.98,-1.68,0.35,38
-0.5,-2.68,0.22,38
-0.3,-2.86,0.21,38
-0.16,-2.34,0.34,38
-0.17,-1.68,0.52,38
-0.17,-0.29,0.94,38
-0.15,0.24,1.14,38
0.01,0.92,1.48,38
0.08,1.07,1.58,38
0.14,0.88,1.48,38
0.12,0.56,1.28,38
0.06,-0.13,1.0,38
0.05,-0.39,0.96,38
0.05,-0.68,0.88,38
0.06,-0.71,0.81,38
0.1,-0.59,0.67,38
0.11,-0.47,0.68,38
0.13,-0.17,0.91,38
0.13,-0.05,1.06,38
0.12,0.04,1.22,38
0.12,0.0,1.21,38
0.11,-0.15,1.04,38
0.1,-0.24,0.95,38
0.1,-0.34,0.89,38
0.11,-0.34,0.9,38
0.11,-0.27,0.98,38
0.12,-0.21,0.99,38
0.13,-0.14,0.92,38
0.13,-0.13,0.89,38
0.13,-0.16,0.96,38
0.12,-0.18,1.03,38
0.11,-0.21,1.08,38
0.1,-0.22,1.04,38
0.1,-0.24,0.97,38
0.11,-0.21,0.95,38
0.11,-0.19,0.96,38
0.12,-0.16,1.0,38
0.12,-0.17,1.0,38
0.11,-0.25,0.97,38
0.11,-0.28,0.95,38
0.11,-0.25,0.91,38
0.11,-0.21,0.93,38
0.11,-0.15,1.02,38
0.11,-0.17,1.06,38
0.1,-0.25,1.05,38
0.1,-0.26,1.0,38
0.1,-0.2,0.92,38
0.1,-0.16,0.91,38
0.1,-0.16,1.02,38
0.1,-0.19,1.09,38
0.1,-0.21,1.07,38
0.1,-0.2,0.99,38
0.11,-0.22,0.88,38
0.11,-0.22,0.88,38
0.1,-0.22,0.96,38
0.1,-0.22,1.0,38
0.1,-0.2,1.03,38
0.1,-0.19,1.04,38
0.11,-0.17,1.05,38
0.11,-0.17,1.02,38
0.18,-0.01,1.07,39
0.18,-0.05,1.09,39
0.18,-0.09,1.04,39
0.2,-0.15,0.91,39
0.2,-0.14,0.89,39
0.2,0.06,1.09,39
0.17,0.2,1.29,39
0.09,0.48,1.66,39
0.06,0.59,1.8,39
-0.01,0.67,2.01,39
-0.07,0.63,1.98,39
-0.17,0.41,1.59,39
-0.17,0.23,1.28,39
-0.25,-0.22,0.53,39
-0.34,-0.46,0.09,39
-0.55,-1.06,-0.8,39
-0.63,-1.56,-1.17,39
-0.76,-3.24,-1.42,39
-0.7,-3.96,-1.26,39
-0.94,-4.0,-0.53,39
-1.31,-3.38,-0.17,39
-2.06,-1.33,0.54,39
-2.76,-0.08,1.02,39
-4.0,3.04,2.83,39
-3.85,4.0,3.84,39
-1.17,4.0,4.0,39
-0.61,3.81,3.93,39
-1.97,1.79,1.66,39
-2.53,0.48,0.27,39
-2.52,-1.95,-0.79,39
-2.13,-3.09,-0.78,39
-1.04,-4.0,-0.75,39
-0.54,-3.83,-0.82,39
-0.72,-3.09,-0.7,39
-1.16,-1.06,0.27,39
-1.56,-0.23,0.99,39
-2.27,1.33,2.63,39
-1.97,1.97,3.45,39
-0.52,2.62,4.0,39
-0.14,2.55,3.88,39
-0.55,1.52,1.8,39
-0.84,0.74,0.71,39
-0.96,-0.92,-0.22,39
-0.83,-1.72,-0.24,39
-0.4,-2.82,0.03,39
-0.24,-2.87,0.19,39
-0.2,-1.76,0.55,39
-0.24,-0.97,0.75,39
-0.21,0.16,1.21,39
-0.13,0.5,1.44,39
0.05,0.89,1.71,39
0.11,0.88,1.66,39
0.09,0.43,1.19,39
0.05,0.06,0.96,39
0.01,-0.55,0.83,39
0.02,-0.71,0.91,39
0.05,-0.7,1.11,39
0.09,-0.54,1.11,39
0.14,-0.17,0.85,39
0.16,-0.08,0.69,39
0.16,-0.13,0.6,39
0.15,-0.22,0.7,39
0.13,-0.39,1.07,39
0.14,-0.37,1.19,39
0.15,-0.3,1.09,39
0.15,-0.17,0.81,39
0.15,-0.17,0.76,39
0.21,-0.27,0.91,39
0.18,-0.24,1.05,39
0.17,0.04,1.19,39
0.19,0.05,1.17,39
0.18,-0.23,0.85,39
0.17,-0.45,0.71,39
0.15,-0.75,0.65,39
0.16,-0.76,0.75,39
0.16,-0.46,1.0,39
0.16,-0.26,1.06,39
0.16,-0.09,1.02,39
0.16,-0.14,0.96,39
0.16,-0.3,0.88,39
0.17,-0.31,0.9,39
0.19,-0.15,0.97,39
0.2,-0.05,1.0,39
0.19,-0.15,1.03,39
0.17,-0.27,0.97,39
0.17,-0.36,0.87,39
0.18,-0.23,0.87,39
0.19,-0.0,0.89,39
0.17,-0.05,0.9,39
0.1,-0.41,0.89,39
0.08,-0.6,0.81,39
0.09,-0.86,0.68,39
0.09,-0.81,0.71,39
0.08,-0.27,0.97,39
0.06,0.28,1.27,39
0.07,0.39,1.41,39
0.1,0.25,1.53,39
0.08,0.08,1.46,39
0.06,-0.26,1.07,39
0.05,-0.38,0.86,39
0.21,-0.11,1.2,40
0.22,-0.03,1.16,40
0.2,0.02,1.26,40
0.18,0.02,1.4,40
0.14,0.04,1.67,40
0.16,0.06,1.66,40
0.12,0.03,1.25,40
0.09,-0.08,0.94,40
0.07,-0.48,0.35,40
0.09,-0.71,0.11,40
0.11,-0.98,-0.21,40
0.07,-1.02,-0.35,40
-0.23,-1.36,-0.8,40
-0.45,-1.76,-1.1,40
-0.84,-2.62,-1.53,40
-0.92,-2.84,-1.57,40
-1.15,-2.3,-0.75,40
-1.44,-1.51,0.06,40
-3.29,0.94,1.92,40
-4.0,2.08,3.09,40
-3.59,3.04,4.0,40
-1.33,2.46,4.0,40
-0.94,2.04,3.92,40
-2.01,1.13,1.84,40
-3.02,0.56,-0.08,40
-4.0,-1.24,-2.74,40
-3.72,-2.57,-3.3,40
-1.16,-4.0,-3.33,40
-0.15,-4.0,-2.71,40
-1.18,-3.27,-0.0,40
-2.77,-1.98,1.45,40
-3.99,0.54,3.6,40
-2.95,1.35,4.0,40
-0.35,2.71,4.0,40
0.12,3.14,3.58,40
-0.24,2.44,1.27,40
-0.63,1.47,0.31,40
-1.08,-0.64,-0.07,40
-0.99,-1.53,0.15,40
-0.52,-2.67,0.44,40
-0.31,-2.8,0.45,40
-0.14,-1.98,0.46,40
-0.14,-1.23,0.6,40
-0.13,0.01,1.07,40
-0.09,0.41,1.28,40
0.09,0.88,1.5,40
0.15,0.94,1.5,40
0.13,0.64,1.34,40
0.07,0.34,1.26,40
-0.01,-0.22,1.2,40
-0.01,-0.38,1.19,40
0.03,-0.49,1.06,40
0.05,-0.48,0.94,40
0.13,-0.4,0.65,40
0.18,-0.23,0.54,40
0.18,-0.11,0.62,40
0.17,0.09,0.92,40
0.17,0.11,1.03,40
0.15,0.01,1.03,40
0.14,-0.07,0.98,40
0.11,-0.22,1.0,40
0.09,-0.27,1.1,40
0.06,-0.31,1.33,40
0.06,-0.26,1.33,40
0.08,-0.06,1.04,40
0.1,0.01,0.88,40
0.13,0.07,0.78,40
0.14,0.08,0.82,40
0.13,0.01,1.03,40
0.14,-0.07,1.13,40
0.14,-0.18,1.17,40
0.13,-0.17,1.11,40
0.1,-0.07,0.95,40
0.1,-0.04,0.92,40
0.1,-0.0,0.95,40
0.1,0.03,0.97,40
0.13,0.08,0.96,40
0.14,0.04,0.94,40
0.13,-0.12,0.92,40
0.12,-0.16,0.93,40
0.09,-0.11,0.92,40
0.09,-0.08,0.87,40
0.05,-0.17,0.92,40
0.03,-0.21,1.05,40
0.03,-0.03,1.33,40
0.06,0.27,1.44,40
0.07,0.35,1.38,40
0.09,0.27,1.1,40
0.1,0.12,0.97,40
0.11,-0.17,0.8,40
0.11,-0.24,0.75,40
0.1,-0.26,0.76,40
0.09,-0.22,0.84,40
0.07,-0.07,1.05,40
0.06,0.01,1.13,40
0.07,0.09,1.17,40
0.08,0.09,1.13,40
0.09,-0.01,1.0,40
0.09,-0.08,0.99,40
0.09,-0.11,1.11,40
0.05,-0.13,1.03,41
0.06,-0.13,0.99,41
0.06,-0.13,0.96,41
0.05,-0.14,0.95,41
0.05,-0.15,0.99,41
0.05,-0.14,1.05,41
0.05,-0.13,1.06,41
0.05,-0.09,1.09,41
0.05,-0.08,1.11,41
0.05,-0.1,1.08,41
0.06,-0.11,1.03,41
0.08,0.02,1.1,41
-0.0,0.41,1.65,41
-0.09,0.62,2.05,41
-0.2,0.73,2.72,41
-0.23,0.73,2.71,41
-0.4,0.69,1.64,41
-0.54,0.54,0.85,41
-0.97,-0.2,-0.48,41
-1.3,-0.86,-0.97,41
-1.95,-2.81,-1.71,41
-1.75,-3.76,-1.94,41
-1.01,-4.0,-1.67,41
-1.18,-3.86,-0.97,41
-2.51,-1.68,0.97,41
-3.49,-0.02,1.88,41
-4.0,2.69,3.76,41
-3.26,3.49,4.0,41
-0.84,4.0,4.0,41
-0.58,3.87,3.78,41
-1.44,2.15,1.72,41
-1.84,1.12,0.58,41
-2.02,-0.64,-0.56,41
-1.84,-1.46,-0.77,41
-1.21,-2.95,-1.07,41
-0.89,-3.47,-1.15,41
-0.56,-3.63,-0.8,41
-0.6,-3.12,-0.32,41
-0.91,-1.43,0.76,41
-1.03,-0.62,1.2,41
-1.09,0.81,1.99,41
-0.89,1.38,2.39,41
-0.23,2.1,2.87,41
0.03,1.87,2.4,41
-0.09,1.33,1.81,41
-0.38,0.05,0.85,41
-0.42,-0.5,0.63,41
-0.31,-1.3,0.42,41
-0.21,-1.53,0.37,41
-0.09,-1.55,0.36,41
-0.07,-1.29,0.43,41
-0.06,-0.54,0.73,41
-0.05,-0.22,0.9,41
-0.01,0.2,1.2,41
0.0,0.3,1.33,41
0.03,0.32,1.48,41
0.02,0.23,1.43,41
-0.01,-0.12,1.13,41
-0.03,-0.28,0.97,41
-0.02,-0.51,0.81,41
-0.01,-0.55,0.79,41
0.0,-0.48,0.83,41
0.01,-0.39,0.86,41
0.01,-0.22,0.92,41
0.01,-0.17,0.94,41
0.01,-0.19,1.0,41
0.01,-0.23,1.02,41
-0.01,-0.31,1.06,41
-0.01,-0.32,1.06,41
-0.01,-0.27,1.03,41
-0.0,-0.23,0.99,41
-0.0,-0.23,0.95,41
-0.0,-0.26,0.97,41
0.0,-0.28,0.99,41
0.01,-0.23,0.93,41
0.02,-0.2,0.91,41
0.03,-0.19,0.94,41
0.02,-0.2,0.99,41
0.02,-0.2,1.08,41
0.02,-0.19,1.08,41
0.03,-0.19,1.0,41
0.03,-0.2,0.93,41
0.02,-0.25,0.85,41
0.01,-0.26,0.88,41
0.01,-0.24,1.03,41
0.01,-0.2,1.09,41
0.02,-0.16,1.08,41
0.02,-0.16,1.02,41
0.02,-0.22,0.93,41
0.02,-0.24,0.93,41
0.02,-0.22,0.98,41
0.02,-0.2,0.99,41
0.02,-0.16,0.94,41
0.02,-0.14,0.91,41
0.03,-0.13,0.9,41
0.03,-0.12,0.94,41
0.02,-0.15,1.06,41
0.01,-0.19,1.1,41
0.0,-0.24,1.06,41
-0.0,-0.25,0.99,41
-0.01,-0.2,1.0,42
-0.01,-0.2,0.95,42
-0.01,-0.2,0.94,42
-0.0,-0.2,0.96,42
-0.0,-0.21,1.0,42
-0.01,-0.2,1.05,42
-0.01,-0.19,1.04,42
-0.0,-0.19,1.0,42
-0.0,-0.19,0.97,42
-0.01,-0.21,0.93,42
-0.02,-0.21,0.94,42
-0.04,-0.16,1.14,42
-0.06,-0.08,1.3,42
-0.15,0.19,1.73,42
-0.21,0.34,2.02,42
-0.24,0.43,2.45,42
-0.23,0.37,2.34,42
-0.29,0.23,1.2,42
-0.37,0.09,0.49,42
-0.59,-0.6,-0.62,42
-0.68,-1.22,-0.93,42
-0.69,-2.63,-1.17,42
-0.69,-3.18,-1.19,42
-0.83,-3.35,-0.99,42
-0.99,-2.84,-0.71,42
-1.51,-0.85,0.29,42
-2.44,0.46,1.06,42
-3.66,2.69,3.4,42
-2.84,3.3,4.0,42
-0.79,3.61,4.0,42
-0.75,3.38,3.8,42
-1.64,1.97,1.59,42
-1.94,1.09,0.34,42
-1.83,-0.56,-0.91,42
-1.31,-2.1,-1.31,42
-1.09,-2.8,-1.42,42
-0.98,-3.74,-1.29,42
-0.99,-3.89,-0.85,42
-1.27,-3.2,0.54,42
-1.34,-2.28,1.16,42
-2.14,0.43,2.02,42
-2.27,1.59,2.51,42
-1.25,3.26,3.48,42
-0.54,3.73,3.56,42
-0.07,3.35,2.18,42
-0.32,2.47,1.18,42
-0.84,0.49,0.21,42
-0.9,-0.31,0.2,42
-0.67,-1.56,0.46,42
-0.49,-2.0,0.6,42
-0.21,-2.26,0.81,42
-0.15,-1.96,0.87,42
-0.14,-0.8,0.96,42
-0.12,-0.3,1.03,42
-0.02,0.36,1.13,42
0.02,0.56,1.14,42
0.07,0.73,1.11,42
0.07,0.65,1.12,42
0.02,0.17,1.17,42
-0.01,-0.1,1.16,42
-0.02,-0.47,1.09,42
-0.01,-0.53,1.01,42
0.02,-0.43,0.84,42
0.03,-0.3,0.8,42
0.05,-0.05,0.86,42
0.04,0.01,1.02,42
0.03,-0.02,1.08,42
0.01,-0.13,1.12,42
0.0,-0.16,1.09,42
0.0,-0.16,1.02,42
0.01,-0.15,1.0,42
0.02,-0.14,0.96,42
0.03,-0.16,0.92,42
0.04,-0.16,0.89,42
0.04,-0.13,0.92,42
0.03,-0.07,1.07,42
0.02,-0.08,1.15,42
0.02,-0.13,1.14,42
0.02,-0.16,1.05,42
0.04,-0.16,0.87,42
0.04,-0.15,0.84,42
0.03,-0.13,0.91,42
0.02,-0.13,0.98,42
0.01,-0.14,1.12,42
0.01,-0.15,1.15,42
0.02,-0.13,1.1,42
0.03,-0.11,1.03,42
0.05,-0.12,0.9,42
0.06,-0.15,0.86,42
0.06,-0.2,0.84,42
0.05,-0.2,0.88,42
0.03,-0.19,1.06,42
0.02,-0.15,1.14,42
0.01,-0.07,1.17,42
0.01,-0.07,1.1,42
0.0,-0.13,0.91,42
0.0,-0.19,0.86,42
0.01,-0.18,0.9,42
0.02,-0.16,1.06,42
0.02,-0.16,1.11,42
0.03,-0.17,1.08,43
0.04,-0.16,1.1,43
0.06,-0.14,1.05,43
0.06,-0.14,1.0,43
0.05,-0.18,0.91,43
0.04,-0.2,0.89,43
0.03,-0.21,0.91,43
0.02,-0.2,0.96,43
0.01,-0.17,1.06,43
0.01,-0.16,1.09,43
0.02,-0.15,1.07,43
0.02,-0.15,1.03,43
0.02,-0.14,0.97,43
0.03,-0.14,1.0,43
-0.01,0.04,1.28,43
-0.06,0.28,1.54,43
-0.21,0.87,2.28,43
-0.24,1.07,2.65,43
-0.25,1.09,2.63,43
-0.42,0.9,1.99,43
-1.18,-0.01,0.18,43
-1.74,-0.81,-0.65,43
-2.63,-3.09,-1.86,43
-1.71,-4.0,-2.09,43
-1.36,-4.0,-1.74,43
-2.11,-3.13,-0.33,43
-2.98,-1.58,0.41,43
-4.0,2.37,2.05,43
-4.0,3.78,3.19,43
-2.66,4.0,4.0,43
-1.3,4.0,4.0,43
-1.36,3.36,3.11,43
-2.41,2.2,1.69,43
-4.0,-0.57,-0.6,43
-3.96,-1.82,-0.98,43
-2.33,-3.94,-1.06,43
-1.34,-4.0,-1.02,43
-0.44,-3.87,-0.55,43
-0.67,-3.05,-0.07,43
-1.84,-0.18,1.04,43
-2.13,0.93,1.67,43
-1.25,2.25,3.09,43
-0.45,2.62,3.55,43
0.16,2.53,2.9,43
-0.07,1.93,1.96,43
-0.58,0.33,0.54,43
-0.63,-0.35,0.26,43
-0.39,-1.36,0.13,43
-0.24,-1.68,0.18,43
-0.07,-1.79,0.38,43
-0.05,-1.55,0.5,43
-0.05,-0.63,0.71,43
-0.08,-0.15,0.84,43
-0.09,0.48,1.29,43
-0.01,0.68,1.79,43
0.03,0.62,1.86,43
-0.02,0.21,1.44,43
-0.06,-0.06,1.11,43
-0.07,-0.46,0.7,43
-0.05,-0.55,0.66,43
-0.02,-0.57,0.76,43
-0.01,-0.5,0.85,43
0.01,-0.25,0.95,43
0.03,-0.13,0.97,43
0.02,-0.04,1.06,43
0.01,-0.05,1.15,43
-0.02,-0.13,1.34,43
-0.0,-0.15,1.38,43
0.03,-0.13,1.21,43
0.06,-0.14,1.03,43
0.09,-0.2,0.68,43
0.09,-0.23,0.59,43
0.06,-0.23,0.64,43
0.05,-0.21,0.78,43
0.04,-0.17,1.12,43
0.04,-0.14,1.24,43
0.05,-0.08,1.26,43
0.05,-0.04,1.19,43
0.06,-0.03,1.0,43
0.07,-0.07,0.93,43
0.09,-0.17,0.88,43
0.1,-0.2,0.87,43
0.12,-0.22,0.85,43
0.13,-0.19,0.84,43
0.12,-0.11,0.91,43
0.09,-0.17,1.07,43
0.07,-0.22,1.14,43
0.06,-0.2,1.16,43
0.07,-0.14,1.1,43
0.09,-0.03,0.91,43
0.09,-0.03,0.85,43
0.1,-0.12,0.85,43
0.09,-0.18,0.92,43
0.08,-0.23,1.09,43
0.09,-0.2,1.14,43
0.1,-0.1,1.08,43
0.11,-0.07,1.01,43
0.12,-0.1,0.87,43
0.11,-0.14,0.85,43
0.09,-0.18,0.91,43
0.06,-0.24,0.99,44
0.05,-0.24,0.98,44
0.05,-0.21,1.0,44
0.05,-0.1,1.07,44
0.04,-0.04,1.12,44
-0.01,0.26,1.33,44
-0.09,0.52,1.56,44
-0.18,0.78,2.24,44
-0.18,0.75,2.45,44
-0.23,0.57,2.05,44
-0.33,0.4,1.48,44
-0.63,-0.28,0.36,44
-0.84,-0.76,-0.11,44
-1.46,-1.91,-0.99,44
-1.93,-3.33,-1.81,44
-1.71,-3.9,-1.97,44
-1.16,-4.0,-1.48,44
-1.12,-3.5,-0.8,44
-2.94,-0.23,0.91,44
-4.0,1.66,1.91,44
-4.0,3.99,4.0,44
-3.15,4.0,4.0,44
-0.84,3.76,4.0,44
-0.88,3.16,3.58,44
-2.99,1.35,0.55,44
-3.82,0.31,-0.79,44
-3.9,-2.07,-1.47,44
-3.28,-3.33,-1.27,44
-1.59,-4.0,-0.85,44
-1.07,-4.0,-0.66,44
-1.2,-3.27,-0.11,44
-1.44,-2.09,0.22,44
-1.84,0.36,0.86,44
-1.79,1.19,1.24,44
-0.99,2.31,2.18,44
-0.49,2.65,2.57,44
-0.02,2.51,2.68,44
-0.14,1.93,2.28,44
-0.62,0.38,1.28,44
-0.73,-0.31,0.99,44
-0.56,-1.37,0.71,44
-0.41,-1.72,0.6,44
-0.21,-1.93,0.36,44
-0.16,-1.74,0.29,44
-0.12,-0.88,0.39,44
-0.13,-0.07,0.76,44
-0.12,0.19,0.97,44
-0.07,0.43,1.36,44
-0.04,0.42,1.49,44
-0.03,0.15,1.48,44
-0.06,-0.07,1.32,44
-0.11,-0.47,0.95,44
-0.13,-0.6,0.84,44
-0.12,-0.69,0.79,44
-0.09,-0.64,0.82,44
-0.07,-0.4,0.91,44
-0.08,-0.29,0.95,44
-0.12,-0.22,1.02,44
-0.13,-0.28,1.06,44
-0.12,-0.44,1.11,44
-0.09,-0.48,1.08,44
-0.05,-0.43,0.95,44
-0.05,-0.38,0.91,44
-0.04,-0.26,0.96,44
-0.01,-0.21,0.99,44
0.06,-0.18,0.96,44
0.1,-0.18,0.89,44
0.15,-0.13,0.74,44
0.16,-0.09,0.68,44
0.13,-0.04,0.63,44
0.09,-0.07,0.7,44
-0.01,-0.12,1.07,44
-0.03,-0.09,1.28,44
0.01,0.13,1.44,44
0.04,0.24,1.32,44
0.05,0.26,0.96,44
0.05,0.1,0.84,44
0.06,0.03,0.88,44
0.08,0.04,0.97,44
0.08,0.09,0.99,44
0.07,0.17,1.08,44
0.08,0.19,1.14,44
0.11,0.12,1.12,44
0.11,0.03,1.02,44
0.1,-0.07,0.85,44
0.1,-0.07,0.86,44
0.09,-0.05,1.03,44
0.09,-0.03,1.11,44
0.1,0.08,1.07,44
0.11,0.16,0.96,44
0.11,0.23,0.83,44
0.09,0.19,0.88,44
0.06,0.1,1.14,44
0.06,0.09,1.23,44
0.1,0.08,1.16,44
0.1,0.06,1.03,44
0.13,0.03,0.81,44
0.14,0.04,0.78,44
0.14,0.01,0.91,44
0.13,-0.0,1.03,44
0.09,-0.39,0.58,45
0.06,-0.69,0.43,45
0.06,-0.73,0.7,45
0.07,-0.12,1.39,45
0.08,0.21,1.59,45
0.08,0.28,1.41,45
0.03,-0.1,1.05,45
-0.05,-1.13,0.46,45
-0.01,-1.43,0.32,45
0.09,-1.25,0.21,45
0.08,-0.81,0.31,45
-0.02,0.29,1.02,45
-0.01,0.74,1.48,45
0.09,1.19,2.11,45
0.1,1.14,2.16,45
-0.04,0.66,1.77,45
-0.1,0.41,1.54,45
-0.09,0.34,1.35,45
-0.04,0.54,1.25,45
-0.0,0.81,0.79,45
-0.05,0.63,0.48,45
-0.34,-0.34,-0.08,45
-0.55,-1.01,-0.28,45
-1.13,-2.57,-0.61,45
-1.34,-3.39,-0.82,45
-1.5,-4.0,-1.22,45
-1.71,-4.0,-1.23,45
-2.55,-2.97,-0.48,45
-3.11,-1.43,0.22,45
-4.0,2.98,2.18,45
-4.0,4.0,3.45,45
-2.55,4.0,4.0,45
-1.29,3.98,4.0,45
-2.14,3.22,1.8,45
-4.0,0.02,-0.85,45
-4.0,-1.63,-1.32,45
-2.34,-4.0,-1.43,45
-1.18,-4.0,-1.26,45
-0.38,-3.68,-0.17,45
-0.81,-2.62,0.6,45
-1.35,-0.0,1.76,45
-1.08,0.89,2.11,45
-0.22,1.97,2.35,45
0.02,2.19,2.24,45
0.04,1.72,1.68,45
-0.04,1.11,1.35,45
-0.11,-0.07,0.84,45
-0.1,-0.49,0.67,45
-0.06,-1.02,0.45,45
-0.04,-1.14,0.42,45
0.02,-0.98,0.64,45
0.06,-0.67,0.83,45
0.11,0.03,1.11,45
0.12,0.26,1.17,45
0.13,0.44,1.18,45
0.11,0.42,1.15,45
0.06,0.16,1.12,45
0.05,-0.04,1.13,45
0.06,-0.32,1.1,45
0.07,-0.36,1.02,45
0.09,-0.28,0.83,45
0.1,-0.19,0.79,45
0.1,-0.01,0.85,45
0.09,0.01,0.95,45
0.06,-0.07,1.17,45
0.05,-0.12,1.22,45
0.05,-0.11,1.16,45
0.08,-0.09,0.95,45
0.09,-0.09,0.87,45
0.1,-0.11,0.85,45
0.1,-0.13,0.9,45
0.08,-0.15,1.03,45
0.08,-0.15,1.07,45
0.07,-0.13,1.07,45
0.07,-0.13,1.04,45
0.07,-0.11,1.02,45
0.07,-0.11,1.03,45
0.09,-0.11,1.04,45
0.1,-0.09,1.01,45
0.11,-0.05,0.91,45
0.11,-0.06,0.89,45
0.09,-0.17,0.93,45
0.08,-0.24,0.97,45
0.07,-0.27,1.04,45
0.07,-0.21,1.05,45
0.08,-0.06,1.02,45
0.08,-0.02,1.0,45
0.07,-0.05,0.97,45
0.07,-0.11,0.99,45
0.08,-0.19,1.03,45
0.08,-0.2,1.02,45
0.09,-0.18,0.94,45
0.1,-0.15,0.91,45
0.08,-0.11,0.94,45
0.07,-0.1,0.99,45
0.07,-0.11,1.09,45
0.07,-0.11,1.1,45
0.08,-0.12,1.01,45
0.1,-0.14,0.93,45
0.1,-0.14,0.91,45
0.05,-0.16,0.96,46
0.04,-0.19,0.96,46
0.04,-0.19,0.98,46
0.05,-0.18,0.99,46
0.05,-0.16,1.0,46
0.06,-0.15,1.02,46
0.06,-0.13,1.05,46
0.06,-0.11,1.04,46
0.08,-0.08,0.98,46
0.09,-0.09,0.96,46
0.09,-0.17,0.92,46
0.08,-0.2,0.92,46
0.07,-0.2,0.96,46
0.07,-0.16,1.0,46
0.08,-0.05,1.1,46
0.08,0.02,1.14,46
0.06,0.22,1.21,46
0.02,0.39,1.28,46
-0.01,0.66,1.65,46
-0.0,0.66,1.86,46
-0.0,0.53,1.86,46
-0.04,0.43,1.52,46
-0.28,-0.08,0.55,46
-0.54,-0.57,0.15,46
-1.24,-2.1,-0.35,46
-1.32,-3.84,-0.5,46
-1.16,-4.0,-0.58,46
-1.27,-3.59,-0.69,46
-1.53,-2.44,-0.54,46
-3.08,1.04,0.27,46
-3.92,2.77,1.12,46
-3.58,4.0,3.64,46
-2.41,4.0,4.0,46
-0.99,3.79,4.0,46
-1.45,3.03,3.29,46
-2.78,0.43,0.54,46
-3.02,-0.65,-0.56,46
-2.43,-2.48,-1.71,46
-1.89,-3.33,-1.96,46
-1.0,-4.0,-1.75,46
-0.82,-4.0,-1.13,46
-1.22,-2.45,0.67,46
-1.5,-1.24,1.47,46
-1.52,0.74,2.77,46
-1.19,1.53,3.27,46
-0.34,2.66,3.5,46
-0.1,2.77,3.0,46
-0.28,1.68,1.23,46
-0.49,0.78,0.57,46
-0.61,-0.81,0.06,46
-0.5,-1.38,0.02,46
-0.25,-1.98,0.15,46
-0.2,-1.93,0.33,46
-0.17,-1.12,0.9,46
-0.15,-0.57,1.13,46
-0.06,0.27,1.41,46
0.06,0.65,1.42,46
0.08,0.65,1.32,46
0.04,0.22,1.03,46
0.01,-0.08,0.92,46
-0.02,-0.51,0.82,46
-0.02,-0.59,0.8,46
-0.04,-0.49,0.84,46
-0.05,-0.36,0.9,46
-0.02,-0.2,1.04,46
-0.01,-0.18,1.09,46
0.03,-0.19,1.08,46
0.04,-0.19,1.02,46
0.02,-0.16,0.93,46
-0.01,-0.17,0.96,46
-0.03,-0.25,1.06,46
-0.03,-0.29,1.04,46
0.02,-0.28,0.89,46
0.03,-0.24,0.84,46
0.04,-0.12,0.94,46
0.03,-0.09,1.03,46
0.01,-0.15,1.12,46
-0.01,-0.22,1.09,46
-0.01,-0.34,0.97,46
-0.01,-0.34,0.94,46
0.0,-0.21,0.93,46
0.0,-0.15,0.95,46
-0.01,-0.11,0.99,46
-0.02,-0.12,1.03,46
-0.02,-0.22,1.13,46
-0.02,-0.26,1.15,46
0.01,-0.29,1.03,46
0.03,-0.22,0.85,46
0.02,-0.17,0.81,46
0.01,-0.12,0.92,46
0.0,-0.16,1.03,46
0.01,-0.26,1.11,46
0.02,-0.28,1.05,46
0.03,-0.24,0.89,46
0.03,-0.21,0.85,46
0.02,-0.16,0.94,46
0.01,-0.17,1.03,46
0.01,-0.22,1.13,46
0.01,-0.22,1.11,46
0.02,-0.2,0.95,46
0.02,-0.26,0.96,47
0.05,-0.2,1.07,47
0.06,-0.17,1.1,47
0.08,-0.1,1.09,47
0.08,-0.09,1.07,47
0.07,-0.22,0.94,47
0.05,-0.31,0.86,47
0.04,-0.39,0.82,47
0.03,-0.34,0.87,47
0.02,-0.16,1.07,47
0.02,-0.09,1.18,47
0.04,0.06,1.38,47
0.07,0.13,1.45,47
0.08,0.37,1.55,47
-0.01,0.75,1.61,47
-0.06,0.89,1.61,47
-0.17,0.89,1.34,47
-0.26,0.74,1.02,47
-0.78,-0.13,0.1,47
-1.35,-1.03,-0.36,47
-2.06,-3.39,-0.77,47
-1.67,-4.0,-0.77,47
-0.98,-4.0,-0.61,47
-1.08,-3.52,-0.45,47
-1.85,-0.95,0.16,47
-2.58,0.62,0.61,47
-3.33,3.32,2.24,47
-2.6,4.0,3.36,47
-0.69,4.0,4.0,47
-0.37,3.45,4.0,47
-1.15,1.3,2.09,47
-1.85,0.12,0.87,47
-2.42,-2.13,-0.39,47
-1.97,-3.2,-0.56,47
-0.65,-4.0,-0.56,47
-0.43,-3.84,-0.35,47
-0.79,-1.58,0.52,47
-1.04,-0.31,0.96,47
-1.01,1.51,1.8,47
-0.69,2.1,2.22,47
-0.01,2.5,2.69,47
0.05,2.16,2.47,47
-0.32,0.61,1.35,47
-0.46,-0.18,0.9,47
-0.39,-1.24,0.47,47
-0.18,-1.66,0.27,47
-0.11,-1.6,0.2,47
-0.04,-0.93,0.32,47
-0.02,-0.51,0.55,47
0.0,0.13,1.05,47
0.0,0.31,1.26,47
0.0,0.38,1.55,47
0.0,0.28,1.59,47
-0.01,-0.07,1.31,47
-0.01,-0.23,1.05,47
0.0,-0.44,0.66,47
0.01,-0.49,0.58,47
0.03,-0.45,0.65,47
0.04,-0.35,0.77,47
0.04,-0.13,1.02,47
0.04,-0.06,1.09,47
0.04,-0.09,1.08,47
0.03,-0.17,1.03,47
0.02,-0.28,0.91,47
0.01,-0.28,0.91,47
0.01,-0.22,1.01,47
0.0,-0.2,1.05,47
-0.02,-0.18,1.06,47
-0.03,-0.18,1.06,47
-0.04,-0.2,1.08,47
-0.03,-0.24,1.07,47
-0.02,-0.32,0.97,47
-0.01,-0.32,0.93,47
0.01,-0.22,0.97,47
0.02,-0.15,1.0,47
0.03,-0.12,0.98,47
0.02,-0.17,0.97,47
-0.01,-0.3,0.99,47
-0.01,-0.31,1.02,47
-0.01,-0.27,1.02,47
0.01,-0.17,0.98,47
0.02,-0.15,0.97,47
0.02,-0.18,1.05,47
0.02,-0.23,1.09,47
0.0,-0.32,1.05,47
0.01,-0.31,0.99,47
0.03,-0.25,0.9,47
0.04,-0.23,0.89,47
0.06,-0.17,0.92,47
0.07,-0.15,0.95,47
0.07,-0.22,0.96,47
0.05,-0.29,0.95,47
0.02,-0.35,0.97,47
0.02,-0.3,1.0,47
0.05,-0.1,1.0,47
0.07,-0.03,0.95,47
0.08,-0.09,0.81,47
0.06,-0.21,0.8,47
0.04,-0.36,0.91,47
0.02,-0.32,0.98,47
0.06,-0.17,1.07,48
0.07,-0.12,1.08,48
0.08,-0.08,1.01,48
0.09,-0.1,0.95,48
0.09,-0.18,0.92,48
0.07,-0.21,0.98,48
0.06,-0.19,1.02,48
0.05,-0.13,1.07,48
0.06,-0.11,1.08,48
0.06,-0.1,1.04,48
0.07,-0.11,1.01,48
0.06,-0.12,1.03,48
0.05,-0.09,1.1,48
-0.04,0.17,1.39,48
-0.14,0.45,1.62,48
-0.29,1.08,2.23,48
-0.23,1.23,2.42,48
-0.21,1.04,1.72,48
-0.39,0.66,0.88,48
-1.17,-0.77,-0.64,48
-1.56,-1.79,-1.03,48
-1.44,-3.78,-1.2,48
-1.14,-4.0,-1.11,48
-0.98,-3.92,-0.67,48
-1.26,-3.22,-0.39,48
-2.21,-0.63,0.3,48
-3.07,0.81,0.81,48
-3.9,3.36,2.68,48
-3.04,4.0,3.75,48
-0.58,4.0,4.0,48
-0.35,3.52,3.95,48
-1.61,1.47,2.0,48
-2.19,0.41,0.75,48
-2.52,-1.52,-0.53,48
-2.3,-2.53,-0.73,48
-1.25,-4.0,-0.9,48
-0.64,-4.0,-0.83,48
-0.75,-3.5,-0.59,48
-1.3,-1.19,0.22,48
-1.67,0.03,0.66,48
-2.03,1.92,1.79,48
-1.67,2.58,2.57,48
-0.38,3.21,3.87,48
-0.02,2.93,3.88,48
-0.47,1.24,2.17,48
-0.84,0.33,1.2,48
-0.93,-1.02,0.17,48
-0.7,-1.51,-0.02,48
-0.22,-2.09,-0.12,48
-0.09,-2.11,-0.04,48
-0.04,-1.44,0.41,48
-0.04,-0.91,0.68,48
0.02,-0.06,1.08,48
0.05,0.23,1.2,48
0.07,0.55,1.34,48
0.05,0.57,1.39,48
0.02,0.28,1.44,48
-0.01,0.03,1.36,48
-0.02,-0.38,1.06,48
-0.01,-0.5,0.9,48
0.03,-0.59,0.67,48
0.05,-0.57,0.61,48
0.06,-0.43,0.74,48
0.07,-0.32,0.91,48
0.11,-0.11,1.17,48
0.13,-0.05,1.2,48
0.11,-0.07,1.03,48
0.04,-0.21,0.88,48
0.01,-0.28,0.92,48
0.0,-0.38,1.06,48
0.02,-0.42,1.04,48
0.06,-0.39,0.84,48
0.07,-0.31,0.77,48
0.07,-0.16,0.91,48
0.07,-0.14,1.06,48
0.08,-0.21,1.24,48
0.08,-0.27,1.18,48
0.08,-0.35,0.88,48
0.08,-0.37,0.76,48
0.06,-0.38,0.72,48
0.04,-0.36,0.79,48
0.01,-0.32,1.05,48
0.02,-0.27,1.16,48
0.06,-0.17,1.18,48
0.07,-0.14,1.11,48
0.07,-0.18,0.89,48
0.06,-0.22,0.84,48
0.08,-0.27,0.93,48
0.11,-0.28,1.0,48
0.11,-0.31,0.97,48
0.1,-0.31,0.89,48
0.06,-0.32,0.85,48
0.04,-0.33,0.9,48
0.03,-0.29,1.05,48
0.04,-0.26,1.09,48
0.05,-0.19,1.01,48
0.05,-0.19,0.95,48
0.04,-0.28,0.91,48
0.04,-0.36,1.01,48
0.05,-0.34,1.05,48
0.05,-0.28,0.99,49
0.06,-0.28,1.03,49
0.1,-0.26,1.14,49
0.14,-0.2,1.21,49
0.19,0.09,1.43,49
0.13,0.29,1.58,49
-0.11,0.67,1.92,49
-0.19,0.72,2.06,49
-0.32,0.48,1.99,49
-0.41,0.24,1.67,49
-0.75,-0.42,0.51,49
-1.17,-0.98,-0.15,49
-2.2,-2.91,-1.19,49
-2.35,-3.83,-1.5,49
-1.42,-4.0,-1.66,49
-0.91,-3.98,-1.44,49
-2.34,-1.48,-0.33,49
-3.7,0.78,0.6,49
-4.0,4.0,3.31,49
-3.8,4.0,4.0,49
-1.16,4.0,4.0,49
-0.84,3.89,3.7,49
-2.88,2.16,0.98,49
-3.73,0.62,-0.33,49
-3.67,-2.16,-1.23,49
-2.03,-4.0,-0.86,49
-1.1,-4.0,-0.57,49
-0.52,-3.7,0.23,49
-0.82,-2.69,0.65,49
-1.46,0.09,1.31,49
-1.46,1.15,1.62,49
-0.64,2.48,2.25,49
-0.15,2.78,2.42,49
0.1,2.28,2.1,49
-0.08,1.54,1.64,49
-0.36,0.06,0.92,49
-0.36,-0.47,0.76,49
-0.21,-1.14,0.67,49
-0.11,-1.28,0.68,49
0.01,-1.07,0.79,49
0.04,-0.72,0.85,49
0.1,-0.04,0.91,49
0.12,0.16,0.93,49
0.13,0.26,1.0,49
0.12,0.2,1.07,49
0.08,-0.03,1.15,49
0.06,-0.13,1.15,49
0.05,-0.22,1.06,49
0.05,-0.21,1.0,49
0.07,-0.16,0.93,49
0.09,-0.13,0.91,49
0.1,-0.08,0.91,49
0.1,-0.07,0.93,49
0.07,-0.12,0.99,49
0.05,-0.15,1.03,49
0.04,-0.19,1.1,49
0.05,-0.19,1.1,49
0.07,-0.15,1.03,49
0.09,-0.09,0.92,49
0.1,-0.07,0.88,49
0.1,-0.09,0.89,49
0.09,-0.13,0.93,49
0.06,-0.2,1.06,49
0.05,-0.22,1.11,49
0.06,-0.19,1.1,49
0.06,-0.16,1.02,49
0.07,-0.12,0.89,49
0.07,-0.13,0.9,49
0.06,-0.11,1.02,49
0.05,-0.1,1.09,49
0.05,-0.13,1.2,49
0.07,-0.13,1.17,49
0.09,-0.11,0.98,49
0.1,-0.12,0.89,49
0.1,-0.16,0.81,49
0.1,-0.17,0.83,49
0.08,-0.17,0.96,49
0.06,-0.17,1.04,49
0.05,-0.15,1.14,49
0.05,-0.13,1.14,49
0.07,-0.09,1.03,49
0.09,-0.09,0.95,49
0.1,-0.15,0.87,49
0.1,-0.18,0.88,49
0.09,-0.17,0.96,49
0.09,-0.15,1.0,49
0.08,-0.13,1.06,49
0.08,-0.11,1.06,49
0.09,-0.06,0.99,49
0.09,-0.11,0.99,49
0.08,-0.17,1.0,49
0.07,-0.22,0.99,49
0.07,-0.21,1.0,49
0.08,-0.13,1.06,49
0.09,-0.09,1.06,49
0.1,-0.04,0.99,49
0.1,-0.06,0.94,49
0.1,-0.16,0.89,49
0.09,-0.2,0.91,49
0.09,-0.22,1.0,49
